nombre,descripcion,precio_venta_actual,id_marca,id_categoria
Buzo Ultra v8,Indumentaria deportiva serie 0 para alto rendimiento.,141377.35,1,4
Calza Elite v59,Indumentaria deportiva serie 1 para alto rendimiento.,85658.91,1,3
Campera Dry-Fit v90,Indumentaria deportiva serie 2 para alto rendimiento.,135191.46,3,3
Remera Basic v30,Indumentaria deportiva serie 3 para alto rendimiento.,70034.64,3,1
Short Elite v6,Indumentaria deportiva serie 4 para alto rendimiento.,34239.61,1,1
Short Tech v30,Indumentaria deportiva serie 5 para alto rendimiento.,65967.41,1,4
Calza Dry-Fit v97,Indumentaria deportiva serie 6 para alto rendimiento.,46716.07,2,2
Short Training v73,Indumentaria deportiva serie 7 para alto rendimiento.,146569.37,3,4
Campera Training v72,Indumentaria deportiva serie 8 para alto rendimiento.,103275.62,3,3
Remera Ultra v69,Indumentaria deportiva serie 9 para alto rendimiento.,138312.85,2,3
Medias Basic v21,Indumentaria deportiva serie 10 para alto rendimiento.,32638.83,2,2
Short Elite v11,Indumentaria deportiva serie 11 para alto rendimiento.,123350.63,1,3
Pantalón Ultra v94,Indumentaria deportiva serie 12 para alto rendimiento.,136184.47,3,3
Campera Basic v80,Indumentaria deportiva serie 13 para alto rendimiento.,83422.3,3,3
Short Elite v19,Indumentaria deportiva serie 14 para alto rendimiento.,128597.8,2,4
Campera Training v65,Indumentaria deportiva serie 15 para alto rendimiento.,91133.66,1,2
Remera Pro v44,Indumentaria deportiva serie 16 para alto rendimiento.,127189.47,3,2
Remera Elite v17,Indumentaria deportiva serie 17 para alto rendimiento.,137824.44,3,2
Calza Compression v91,Indumentaria deportiva serie 18 para alto rendimiento.,133156.36,1,1
Top Tech v58,Indumentaria deportiva serie 19 para alto rendimiento.,34442.77,3,4
Short Training v35,Indumentaria deportiva serie 20 para alto rendimiento.,68438.46,3,4
Campera Compression v96,Indumentaria deportiva serie 21 para alto rendimiento.,112685.25,2,1
Buzo Compression v40,Indumentaria deportiva serie 22 para alto rendimiento.,73159.45,1,1
Short Dry-Fit v23,Indumentaria deportiva serie 23 para alto rendimiento.,72245.55,1,5
Buzo Aeroswift v94,Indumentaria deportiva serie 24 para alto rendimiento.,77122.62,3,4
Pantalón Compression v5,Indumentaria deportiva serie 25 para alto rendimiento.,53475.08,3,4
Campera Dry-Fit v85,Indumentaria deportiva serie 26 para alto rendimiento.,54661.55,1,2
Remera Training v94,Indumentaria deportiva serie 27 para alto rendimiento.,129254.65,2,5
Medias Tech v28,Indumentaria deportiva serie 28 para alto rendimiento.,141803.39,3,4
Pantalón Pro v48,Indumentaria deportiva serie 29 para alto rendimiento.,58352.35,1,4
Pantalón Ultra v79,Indumentaria deportiva serie 30 para alto rendimiento.,53644.95,3,2
Pantalón Ultra v3,Indumentaria deportiva serie 31 para alto rendimiento.,86555.39,1,2
Campera Dry-Fit v9,Indumentaria deportiva serie 32 para alto rendimiento.,56337.17,2,3
Short Basic v96,Indumentaria deportiva serie 33 para alto rendimiento.,146092.2,1,3
Pantalón Basic v13,Indumentaria deportiva serie 34 para alto rendimiento.,137236.6,1,4
Remera Compression v84,Indumentaria deportiva serie 35 para alto rendimiento.,131435.94,3,1
Campera Tech v2,Indumentaria deportiva serie 36 para alto rendimiento.,93281.78,3,5
Top Dry-Fit v1,Indumentaria deportiva serie 37 para alto rendimiento.,40667.7,2,1
Buzo Pro v39,Indumentaria deportiva serie 38 para alto rendimiento.,138941.12,2,1
Short Dry-Fit v21,Indumentaria deportiva serie 39 para alto rendimiento.,52476.5,2,5
Campera Elite v46,Indumentaria deportiva serie 40 para alto rendimiento.,69376.09,2,1
Short Tech v96,Indumentaria deportiva serie 41 para alto rendimiento.,64981.0,2,5
Zapatillas Tech v82,Indumentaria deportiva serie 42 para alto rendimiento.,62618.54,1,5
Campera Training v86,Indumentaria deportiva serie 43 para alto rendimiento.,42746.17,1,2
Short Dry-Fit v7,Indumentaria deportiva serie 44 para alto rendimiento.,80698.92,3,3
Zapatillas Ultra v44,Indumentaria deportiva serie 45 para alto rendimiento.,123802.69,2,5
Calza Basic v42,Indumentaria deportiva serie 46 para alto rendimiento.,79822.99,3,3
Calza Pro v97,Indumentaria deportiva serie 47 para alto rendimiento.,90362.85,1,5
Top Ultra v85,Indumentaria deportiva serie 48 para alto rendimiento.,57702.43,2,5
Short Ultra v35,Indumentaria deportiva serie 49 para alto rendimiento.,83941.5,1,2
Short Pro v64,Indumentaria deportiva serie 50 para alto rendimiento.,133315.86,2,3
Short Basic v20,Indumentaria deportiva serie 51 para alto rendimiento.,112456.18,1,1
Remera Ultra v17,Indumentaria deportiva serie 52 para alto rendimiento.,118155.57,1,2
Campera Elite v86,Indumentaria deportiva serie 53 para alto rendimiento.,70722.15,2,3
Remera Ultra v40,Indumentaria deportiva serie 54 para alto rendimiento.,66831.54,3,1
Pantalón Compression v10,Indumentaria deportiva serie 55 para alto rendimiento.,64863.43,2,1
Short Elite v69,Indumentaria deportiva serie 56 para alto rendimiento.,36141.68,2,4
Top Dry-Fit v10,Indumentaria deportiva serie 57 para alto rendimiento.,131364.12,1,5
Campera Elite v37,Indumentaria deportiva serie 58 para alto rendimiento.,117189.61,1,5
Buzo Ultra v51,Indumentaria deportiva serie 59 para alto rendimiento.,148011.15,1,1
Short Tech v55,Indumentaria deportiva serie 60 para alto rendimiento.,33329.34,2,4
Zapatillas Basic v36,Indumentaria deportiva serie 61 para alto rendimiento.,24438.95,1,3
Campera Tech v79,Indumentaria deportiva serie 62 para alto rendimiento.,138790.75,3,3
Calza Training v50,Indumentaria deportiva serie 63 para alto rendimiento.,109481.49,2,5
Buzo Dry-Fit v70,Indumentaria deportiva serie 64 para alto rendimiento.,100986.43,3,4
Campera Ultra v57,Indumentaria deportiva serie 65 para alto rendimiento.,95240.62,1,5
Short Dry-Fit v49,Indumentaria deportiva serie 66 para alto rendimiento.,116171.05,1,4
Calza Ultra v12,Indumentaria deportiva serie 67 para alto rendimiento.,137558.58,3,3
Pantalón Training v98,Indumentaria deportiva serie 68 para alto rendimiento.,44547.58,2,1
Calza Compression v52,Indumentaria deportiva serie 69 para alto rendimiento.,100838.01,1,1
Remera Elite v79,Indumentaria deportiva serie 70 para alto rendimiento.,46637.45,3,3
Medias Tech v38,Indumentaria deportiva serie 71 para alto rendimiento.,81965.03,2,5
Remera Tech v68,Indumentaria deportiva serie 72 para alto rendimiento.,59042.17,1,3
Calza Elite v95,Indumentaria deportiva serie 73 para alto rendimiento.,128841.32,2,2
Campera Compression v54,Indumentaria deportiva serie 74 para alto rendimiento.,24252.99,2,5
Medias Dry-Fit v77,Indumentaria deportiva serie 75 para alto rendimiento.,87235.0,2,1
Buzo Elite v6,Indumentaria deportiva serie 76 para alto rendimiento.,76476.4,3,5
Medias Dry-Fit v47,Indumentaria deportiva serie 77 para alto rendimiento.,37857.32,1,3
Calza Elite v67,Indumentaria deportiva serie 78 para alto rendimiento.,76780.88,2,5
Pantalón Compression v49,Indumentaria deportiva serie 79 para alto rendimiento.,118566.23,3,1
Top Tech v72,Indumentaria deportiva serie 80 para alto rendimiento.,41786.55,1,2
Remera Ultra v19,Indumentaria deportiva serie 81 para alto rendimiento.,18246.89,3,4
Pantalón Compression v24,Indumentaria deportiva serie 82 para alto rendimiento.,142762.46,2,5
Campera Ultra v40,Indumentaria deportiva serie 83 para alto rendimiento.,76784.3,3,3
Campera Aeroswift v59,Indumentaria deportiva serie 84 para alto rendimiento.,27271.73,3,3
Short Training v68,Indumentaria deportiva serie 85 para alto rendimiento.,38761.15,1,5
Calza Dry-Fit v50,Indumentaria deportiva serie 86 para alto rendimiento.,65016.02,1,1
Pantalón Dry-Fit v67,Indumentaria deportiva serie 87 para alto rendimiento.,86574.07,1,2
Medias Training v11,Indumentaria deportiva serie 88 para alto rendimiento.,97052.17,1,2
Remera Elite v64,Indumentaria deportiva serie 89 para alto rendimiento.,119693.8,3,2
Medias Tech v95,Indumentaria deportiva serie 90 para alto rendimiento.,144554.74,2,3
Short Training v80,Indumentaria deportiva serie 91 para alto rendimiento.,93542.44,3,2
Campera Basic v55,Indumentaria deportiva serie 92 para alto rendimiento.,50370.31,3,1
Short Elite v48,Indumentaria deportiva serie 93 para alto rendimiento.,123545.48,1,2
Pantalón Compression v48,Indumentaria deportiva serie 94 para alto rendimiento.,60435.6,2,1
Buzo Basic v24,Indumentaria deportiva serie 95 para alto rendimiento.,132750.68,3,3
Calza Basic v70,Indumentaria deportiva serie 96 para alto rendimiento.,143330.02,2,2
Medias Dry-Fit v38,Indumentaria deportiva serie 97 para alto rendimiento.,33800.61,3,1
Short Pro v64,Indumentaria deportiva serie 98 para alto rendimiento.,133167.8,2,1
Calza Pro v69,Indumentaria deportiva serie 99 para alto rendimiento.,27583.0,1,1
Remera Aeroswift v39,Indumentaria deportiva serie 100 para alto rendimiento.,109731.35,3,4
Pantalón Pro v11,Indumentaria deportiva serie 101 para alto rendimiento.,95913.45,3,3
Pantalón Elite v42,Indumentaria deportiva serie 102 para alto rendimiento.,70004.51,2,2
Medias Tech v7,Indumentaria deportiva serie 103 para alto rendimiento.,124885.97,2,2
Zapatillas Basic v82,Indumentaria deportiva serie 104 para alto rendimiento.,147892.01,2,4
Zapatillas Dry-Fit v57,Indumentaria deportiva serie 105 para alto rendimiento.,84546.2,3,4
Remera Aeroswift v27,Indumentaria deportiva serie 106 para alto rendimiento.,54420.67,2,1
Campera Compression v60,Indumentaria deportiva serie 107 para alto rendimiento.,18565.25,2,4
Short Tech v33,Indumentaria deportiva serie 108 para alto rendimiento.,67800.48,3,5
Medias Dry-Fit v11,Indumentaria deportiva serie 109 para alto rendimiento.,111204.36,1,4
Buzo Ultra v66,Indumentaria deportiva serie 110 para alto rendimiento.,142347.03,1,4
Pantalón Dry-Fit v3,Indumentaria deportiva serie 111 para alto rendimiento.,84633.21,1,3
Buzo Elite v85,Indumentaria deportiva serie 112 para alto rendimiento.,85568.84,3,1
Campera Ultra v20,Indumentaria deportiva serie 113 para alto rendimiento.,61073.04,3,2
Medias Basic v94,Indumentaria deportiva serie 114 para alto rendimiento.,42952.52,3,3
Zapatillas Compression v74,Indumentaria deportiva serie 115 para alto rendimiento.,72827.81,3,4
Top Basic v76,Indumentaria deportiva serie 116 para alto rendimiento.,76098.17,1,1
Campera Pro v74,Indumentaria deportiva serie 117 para alto rendimiento.,79856.81,2,1
Pantalón Pro v79,Indumentaria deportiva serie 118 para alto rendimiento.,41122.68,2,3
Medias Basic v26,Indumentaria deportiva serie 119 para alto rendimiento.,29511.1,1,1
Buzo Pro v78,Indumentaria deportiva serie 120 para alto rendimiento.,84398.53,2,1
Calza Dry-Fit v71,Indumentaria deportiva serie 121 para alto rendimiento.,98840.48,2,4
Pantalón Dry-Fit v49,Indumentaria deportiva serie 122 para alto rendimiento.,70902.72,1,2
Buzo Aeroswift v2,Indumentaria deportiva serie 123 para alto rendimiento.,76179.56,1,5
Zapatillas Elite v27,Indumentaria deportiva serie 124 para alto rendimiento.,113840.6,1,1
Calza Elite v57,Indumentaria deportiva serie 125 para alto rendimiento.,33268.89,2,2
Campera Basic v9,Indumentaria deportiva serie 126 para alto rendimiento.,73237.71,2,3
Campera Pro v47,Indumentaria deportiva serie 127 para alto rendimiento.,93967.82,1,3
Top Elite v83,Indumentaria deportiva serie 128 para alto rendimiento.,23219.9,3,3
Medias Dry-Fit v64,Indumentaria deportiva serie 129 para alto rendimiento.,17351.98,3,2
Short Ultra v78,Indumentaria deportiva serie 130 para alto rendimiento.,15057.31,2,2
Campera Tech v55,Indumentaria deportiva serie 131 para alto rendimiento.,71519.19,3,2
Top Compression v26,Indumentaria deportiva serie 132 para alto rendimiento.,73219.65,2,2
Short Ultra v46,Indumentaria deportiva serie 133 para alto rendimiento.,22417.42,2,5
Short Elite v54,Indumentaria deportiva serie 134 para alto rendimiento.,59867.33,1,2
Buzo Basic v39,Indumentaria deportiva serie 135 para alto rendimiento.,78464.12,1,4
Pantalón Basic v92,Indumentaria deportiva serie 136 para alto rendimiento.,35507.58,3,5
Top Tech v91,Indumentaria deportiva serie 137 para alto rendimiento.,137835.4,2,2
Calza Ultra v19,Indumentaria deportiva serie 138 para alto rendimiento.,63270.56,3,1
Campera Ultra v54,Indumentaria deportiva serie 139 para alto rendimiento.,94471.36,3,4
Short Tech v35,Indumentaria deportiva serie 140 para alto rendimiento.,60907.87,2,2
Medias Tech v59,Indumentaria deportiva serie 141 para alto rendimiento.,147376.17,3,1
Zapatillas Elite v36,Indumentaria deportiva serie 142 para alto rendimiento.,134593.34,2,5
Short Aeroswift v72,Indumentaria deportiva serie 143 para alto rendimiento.,115384.51,2,2
Top Tech v59,Indumentaria deportiva serie 144 para alto rendimiento.,93727.17,1,1
Zapatillas Basic v71,Indumentaria deportiva serie 145 para alto rendimiento.,66953.56,2,5
Zapatillas Elite v45,Indumentaria deportiva serie 146 para alto rendimiento.,93606.91,1,5
Pantalón Pro v41,Indumentaria deportiva serie 147 para alto rendimiento.,18866.28,3,2
Campera Compression v33,Indumentaria deportiva serie 148 para alto rendimiento.,148373.2,1,4
Medias Aeroswift v3,Indumentaria deportiva serie 149 para alto rendimiento.,61940.01,2,4
Zapatillas Training v79,Indumentaria deportiva serie 150 para alto rendimiento.,28538.49,3,1
Campera Dry-Fit v75,Indumentaria deportiva serie 151 para alto rendimiento.,147947.51,3,1
Medias Dry-Fit v77,Indumentaria deportiva serie 152 para alto rendimiento.,128472.8,1,4
Medias Aeroswift v48,Indumentaria deportiva serie 153 para alto rendimiento.,126501.6,3,3
Pantalón Tech v93,Indumentaria deportiva serie 154 para alto rendimiento.,87076.82,1,1
Medias Training v99,Indumentaria deportiva serie 155 para alto rendimiento.,50873.27,1,4
Pantalón Compression v99,Indumentaria deportiva serie 156 para alto rendimiento.,127301.4,1,2
Remera Pro v11,Indumentaria deportiva serie 157 para alto rendimiento.,124074.58,1,5
Short Compression v82,Indumentaria deportiva serie 158 para alto rendimiento.,34739.84,1,4
Remera Elite v99,Indumentaria deportiva serie 159 para alto rendimiento.,115784.86,1,4
Campera Training v56,Indumentaria deportiva serie 160 para alto rendimiento.,133896.7,2,3
Buzo Compression v12,Indumentaria deportiva serie 161 para alto rendimiento.,54976.83,1,3
Calza Compression v29,Indumentaria deportiva serie 162 para alto rendimiento.,77274.71,3,3
Medias Dry-Fit v93,Indumentaria deportiva serie 163 para alto rendimiento.,62742.15,3,5
Remera Tech v37,Indumentaria deportiva serie 164 para alto rendimiento.,52425.3,2,3
Buzo Dry-Fit v75,Indumentaria deportiva serie 165 para alto rendimiento.,75967.7,2,1
Remera Dry-Fit v91,Indumentaria deportiva serie 166 para alto rendimiento.,87284.13,1,4
Buzo Pro v39,Indumentaria deportiva serie 167 para alto rendimiento.,84993.78,3,4
Top Basic v34,Indumentaria deportiva serie 168 para alto rendimiento.,59292.85,1,1
Medias Elite v94,Indumentaria deportiva serie 169 para alto rendimiento.,104089.31,2,5
Top Aeroswift v82,Indumentaria deportiva serie 170 para alto rendimiento.,38953.48,1,5
Calza Ultra v83,Indumentaria deportiva serie 171 para alto rendimiento.,46921.91,2,1
Calza Ultra v4,Indumentaria deportiva serie 172 para alto rendimiento.,41629.95,2,2
Short Training v85,Indumentaria deportiva serie 173 para alto rendimiento.,94788.93,3,2
Remera Dry-Fit v29,Indumentaria deportiva serie 174 para alto rendimiento.,92531.06,2,2
Pantalón Elite v31,Indumentaria deportiva serie 175 para alto rendimiento.,65448.08,3,4
Medias Pro v97,Indumentaria deportiva serie 176 para alto rendimiento.,143650.11,2,1
Remera Training v64,Indumentaria deportiva serie 177 para alto rendimiento.,59015.19,1,2
Pantalón Elite v13,Indumentaria deportiva serie 178 para alto rendimiento.,19329.21,2,4
Pantalón Aeroswift v88,Indumentaria deportiva serie 179 para alto rendimiento.,25518.72,2,3
Short Dry-Fit v29,Indumentaria deportiva serie 180 para alto rendimiento.,59439.91,3,2
Zapatillas Ultra v93,Indumentaria deportiva serie 181 para alto rendimiento.,65666.61,1,4
Remera Pro v19,Indumentaria deportiva serie 182 para alto rendimiento.,49743.77,2,3
Zapatillas Pro v13,Indumentaria deportiva serie 183 para alto rendimiento.,99945.45,2,2
Calza Training v61,Indumentaria deportiva serie 184 para alto rendimiento.,105767.05,1,5
Pantalón Elite v6,Indumentaria deportiva serie 185 para alto rendimiento.,131577.9,2,1
Zapatillas Basic v55,Indumentaria deportiva serie 186 para alto rendimiento.,57659.06,2,5
Short Aeroswift v27,Indumentaria deportiva serie 187 para alto rendimiento.,18374.88,1,4
Buzo Basic v13,Indumentaria deportiva serie 188 para alto rendimiento.,117917.48,1,1
Calza Basic v30,Indumentaria deportiva serie 189 para alto rendimiento.,112219.8,1,2
Campera Basic v13,Indumentaria deportiva serie 190 para alto rendimiento.,134089.03,3,4
Top Pro v40,Indumentaria deportiva serie 191 para alto rendimiento.,46283.37,3,2
Medias Ultra v6,Indumentaria deportiva serie 192 para alto rendimiento.,62427.06,2,2
Medias Aeroswift v30,Indumentaria deportiva serie 193 para alto rendimiento.,93314.07,1,3
Remera Pro v1,Indumentaria deportiva serie 194 para alto rendimiento.,52748.16,3,3
Short Compression v9,Indumentaria deportiva serie 195 para alto rendimiento.,114008.2,2,3
Zapatillas Dry-Fit v54,Indumentaria deportiva serie 196 para alto rendimiento.,133870.54,3,3
Calza Pro v67,Indumentaria deportiva serie 197 para alto rendimiento.,37895.74,1,1
Top Tech v18,Indumentaria deportiva serie 198 para alto rendimiento.,75299.29,3,5
Medias Tech v94,Indumentaria deportiva serie 199 para alto rendimiento.,131444.39,3,5
Zapatillas Dry-Fit v26,Indumentaria deportiva serie 200 para alto rendimiento.,86324.84,3,5
Calza Pro v29,Indumentaria deportiva serie 201 para alto rendimiento.,78182.15,2,4
Medias Training v19,Indumentaria deportiva serie 202 para alto rendimiento.,68080.44,3,5
Zapatillas Pro v29,Indumentaria deportiva serie 203 para alto rendimiento.,108487.94,1,2
Zapatillas Ultra v79,Indumentaria deportiva serie 204 para alto rendimiento.,59352.61,2,2
Zapatillas Compression v4,Indumentaria deportiva serie 205 para alto rendimiento.,72290.01,3,4
Campera Training v97,Indumentaria deportiva serie 206 para alto rendimiento.,30994.32,3,1
Buzo Training v31,Indumentaria deportiva serie 207 para alto rendimiento.,89555.98,2,1
Pantalón Ultra v94,Indumentaria deportiva serie 208 para alto rendimiento.,85724.14,1,4
Top Aeroswift v22,Indumentaria deportiva serie 209 para alto rendimiento.,64806.28,1,5
Top Aeroswift v45,Indumentaria deportiva serie 210 para alto rendimiento.,33869.41,1,3
Top Elite v89,Indumentaria deportiva serie 211 para alto rendimiento.,138529.33,2,1
Pantalón Basic v43,Indumentaria deportiva serie 212 para alto rendimiento.,65612.17,2,5
Top Tech v48,Indumentaria deportiva serie 213 para alto rendimiento.,52301.5,3,5
Remera Training v76,Indumentaria deportiva serie 214 para alto rendimiento.,85462.8,1,4
Calza Basic v84,Indumentaria deportiva serie 215 para alto rendimiento.,132833.61,1,1
Remera Ultra v35,Indumentaria deportiva serie 216 para alto rendimiento.,52718.5,3,2
Campera Basic v36,Indumentaria deportiva serie 217 para alto rendimiento.,85093.15,3,5
Buzo Tech v11,Indumentaria deportiva serie 218 para alto rendimiento.,46576.1,2,5
Campera Compression v69,Indumentaria deportiva serie 219 para alto rendimiento.,134973.08,1,4
Buzo Compression v85,Indumentaria deportiva serie 220 para alto rendimiento.,147872.16,1,2
Campera Aeroswift v65,Indumentaria deportiva serie 221 para alto rendimiento.,72750.95,1,1
Buzo Dry-Fit v1,Indumentaria deportiva serie 222 para alto rendimiento.,141376.74,1,2
Campera Basic v89,Indumentaria deportiva serie 223 para alto rendimiento.,121696.99,3,1
Short Aeroswift v2,Indumentaria deportiva serie 224 para alto rendimiento.,142678.79,1,3
Zapatillas Ultra v78,Indumentaria deportiva serie 225 para alto rendimiento.,137838.43,2,2
Medias Training v61,Indumentaria deportiva serie 226 para alto rendimiento.,52079.01,1,3
Campera Aeroswift v76,Indumentaria deportiva serie 227 para alto rendimiento.,68991.73,3,3
Medias Tech v15,Indumentaria deportiva serie 228 para alto rendimiento.,35940.44,1,2
Medias Tech v51,Indumentaria deportiva serie 229 para alto rendimiento.,99709.29,3,1
Buzo Dry-Fit v62,Indumentaria deportiva serie 230 para alto rendimiento.,65963.55,2,1
Short Dry-Fit v85,Indumentaria deportiva serie 231 para alto rendimiento.,38651.81,1,1
Calza Training v5,Indumentaria deportiva serie 232 para alto rendimiento.,49759.66,3,2
Short Elite v15,Indumentaria deportiva serie 233 para alto rendimiento.,147009.06,3,2
Zapatillas Compression v30,Indumentaria deportiva serie 234 para alto rendimiento.,63690.9,2,1
Calza Tech v5,Indumentaria deportiva serie 235 para alto rendimiento.,39810.62,1,4
Pantalón Pro v39,Indumentaria deportiva serie 236 para alto rendimiento.,86561.56,2,3
Medias Ultra v98,Indumentaria deportiva serie 237 para alto rendimiento.,57755.43,2,4
Remera Aeroswift v56,Indumentaria deportiva serie 238 para alto rendimiento.,144418.7,3,2
Short Aeroswift v76,Indumentaria deportiva serie 239 para alto rendimiento.,120189.84,2,1
Pantalón Compression v20,Indumentaria deportiva serie 240 para alto rendimiento.,107615.58,3,3
Medias Aeroswift v2,Indumentaria deportiva serie 241 para alto rendimiento.,65693.97,1,3
Zapatillas Dry-Fit v51,Indumentaria deportiva serie 242 para alto rendimiento.,108573.48,1,1
Pantalón Dry-Fit v70,Indumentaria deportiva serie 243 para alto rendimiento.,80658.59,3,2
Remera Aeroswift v51,Indumentaria deportiva serie 244 para alto rendimiento.,132308.72,3,2
Calza Dry-Fit v48,Indumentaria deportiva serie 245 para alto rendimiento.,105493.44,1,5
Top Compression v80,Indumentaria deportiva serie 246 para alto rendimiento.,22251.88,3,4
Buzo Compression v6,Indumentaria deportiva serie 247 para alto rendimiento.,37167.73,3,1
Top Training v33,Indumentaria deportiva serie 248 para alto rendimiento.,104013.32,1,5
Pantalón Pro v44,Indumentaria deportiva serie 249 para alto rendimiento.,98875.95,2,2
Pantalón Pro v40,Indumentaria deportiva serie 250 para alto rendimiento.,81505.3,2,5
Remera Tech v26,Indumentaria deportiva serie 251 para alto rendimiento.,57599.06,2,4
Top Tech v50,Indumentaria deportiva serie 252 para alto rendimiento.,72657.11,3,3
Short Ultra v66,Indumentaria deportiva serie 253 para alto rendimiento.,112261.26,1,2
Remera Tech v5,Indumentaria deportiva serie 254 para alto rendimiento.,89487.2,1,4
Zapatillas Tech v59,Indumentaria deportiva serie 255 para alto rendimiento.,140472.34,1,1
Campera Elite v40,Indumentaria deportiva serie 256 para alto rendimiento.,148133.06,3,5
Top Tech v83,Indumentaria deportiva serie 257 para alto rendimiento.,58557.03,3,5
Medias Ultra v61,Indumentaria deportiva serie 258 para alto rendimiento.,22376.21,1,5
Short Dry-Fit v90,Indumentaria deportiva serie 259 para alto rendimiento.,68779.6,3,3
Buzo Basic v20,Indumentaria deportiva serie 260 para alto rendimiento.,54760.56,3,5
Remera Dry-Fit v35,Indumentaria deportiva serie 261 para alto rendimiento.,95241.39,2,4
Medias Compression v25,Indumentaria deportiva serie 262 para alto rendimiento.,71818.6,3,5
Campera Training v7,Indumentaria deportiva serie 263 para alto rendimiento.,82871.87,2,5
Top Training v1,Indumentaria deportiva serie 264 para alto rendimiento.,37042.79,2,3
Campera Compression v53,Indumentaria deportiva serie 265 para alto rendimiento.,79810.77,1,4
Short Ultra v95,Indumentaria deportiva serie 266 para alto rendimiento.,128481.06,3,3
Top Basic v9,Indumentaria deportiva serie 267 para alto rendimiento.,56360.18,3,1
Calza Training v55,Indumentaria deportiva serie 268 para alto rendimiento.,55820.2,3,5
Pantalón Pro v12,Indumentaria deportiva serie 269 para alto rendimiento.,141365.68,1,1
Short Training v5,Indumentaria deportiva serie 270 para alto rendimiento.,44983.61,1,2
Pantalón Elite v47,Indumentaria deportiva serie 271 para alto rendimiento.,29887.26,2,3
Pantalón Pro v71,Indumentaria deportiva serie 272 para alto rendimiento.,63333.45,1,1
Buzo Pro v82,Indumentaria deportiva serie 273 para alto rendimiento.,141732.65,1,2
Remera Aeroswift v12,Indumentaria deportiva serie 274 para alto rendimiento.,85147.15,2,3
Campera Pro v37,Indumentaria deportiva serie 275 para alto rendimiento.,30330.34,2,1
Remera Elite v86,Indumentaria deportiva serie 276 para alto rendimiento.,87789.93,2,1
Buzo Tech v83,Indumentaria deportiva serie 277 para alto rendimiento.,26005.97,3,3
Zapatillas Elite v62,Indumentaria deportiva serie 278 para alto rendimiento.,85890.11,3,2
Campera Basic v87,Indumentaria deportiva serie 279 para alto rendimiento.,49478.91,2,2
Remera Basic v89,Indumentaria deportiva serie 280 para alto rendimiento.,92940.92,1,2
Pantalón Basic v2,Indumentaria deportiva serie 281 para alto rendimiento.,136103.57,1,3
Short Elite v9,Indumentaria deportiva serie 282 para alto rendimiento.,15187.14,3,5
Top Aeroswift v27,Indumentaria deportiva serie 283 para alto rendimiento.,95602.25,2,3
Top Aeroswift v24,Indumentaria deportiva serie 284 para alto rendimiento.,133217.55,1,5
Campera Aeroswift v25,Indumentaria deportiva serie 285 para alto rendimiento.,134808.77,3,4
Campera Tech v52,Indumentaria deportiva serie 286 para alto rendimiento.,17365.71,1,1
Zapatillas Ultra v8,Indumentaria deportiva serie 287 para alto rendimiento.,32768.37,2,4
Zapatillas Pro v63,Indumentaria deportiva serie 288 para alto rendimiento.,74445.32,2,3
Calza Elite v28,Indumentaria deportiva serie 289 para alto rendimiento.,61533.54,3,3
Medias Compression v22,Indumentaria deportiva serie 290 para alto rendimiento.,25272.63,1,4
Zapatillas Tech v84,Indumentaria deportiva serie 291 para alto rendimiento.,129015.83,3,3
Zapatillas Training v96,Indumentaria deportiva serie 292 para alto rendimiento.,130265.01,3,5
Buzo Aeroswift v60,Indumentaria deportiva serie 293 para alto rendimiento.,30960.31,2,5
Zapatillas Training v38,Indumentaria deportiva serie 294 para alto rendimiento.,83570.73,2,3
Zapatillas Compression v47,Indumentaria deportiva serie 295 para alto rendimiento.,142468.21,2,3
Zapatillas Pro v63,Indumentaria deportiva serie 296 para alto rendimiento.,39542.42,1,4
Calza Aeroswift v26,Indumentaria deportiva serie 297 para alto rendimiento.,80993.38,3,3
Buzo Basic v40,Indumentaria deportiva serie 298 para alto rendimiento.,97983.32,2,4
Medias Pro v73,Indumentaria deportiva serie 299 para alto rendimiento.,118737.25,1,4
Calza Pro v8,Indumentaria deportiva serie 300 para alto rendimiento.,21894.03,3,5
Remera Aeroswift v7,Indumentaria deportiva serie 301 para alto rendimiento.,84388.52,3,2
Medias Pro v5,Indumentaria deportiva serie 302 para alto rendimiento.,89065.96,2,4
Calza Compression v84,Indumentaria deportiva serie 303 para alto rendimiento.,17445.28,3,5
Medias Aeroswift v61,Indumentaria deportiva serie 304 para alto rendimiento.,79638.2,1,1
Top Training v82,Indumentaria deportiva serie 305 para alto rendimiento.,41651.28,3,1
Medias Pro v65,Indumentaria deportiva serie 306 para alto rendimiento.,128922.24,3,2
Pantalón Compression v73,Indumentaria deportiva serie 307 para alto rendimiento.,18144.58,1,2
Short Aeroswift v94,Indumentaria deportiva serie 308 para alto rendimiento.,33545.68,2,1
Short Aeroswift v22,Indumentaria deportiva serie 309 para alto rendimiento.,17476.98,1,4
Zapatillas Training v61,Indumentaria deportiva serie 310 para alto rendimiento.,68070.64,3,4
Buzo Elite v71,Indumentaria deportiva serie 311 para alto rendimiento.,68829.29,1,4
Remera Ultra v59,Indumentaria deportiva serie 312 para alto rendimiento.,26607.85,1,3
Remera Training v3,Indumentaria deportiva serie 313 para alto rendimiento.,47782.54,1,3
Medias Basic v66,Indumentaria deportiva serie 314 para alto rendimiento.,113225.37,3,1
Zapatillas Tech v66,Indumentaria deportiva serie 315 para alto rendimiento.,76278.33,1,4
Calza Pro v65,Indumentaria deportiva serie 316 para alto rendimiento.,135218.28,3,5
Remera Training v95,Indumentaria deportiva serie 317 para alto rendimiento.,148544.26,2,2
Short Dry-Fit v30,Indumentaria deportiva serie 318 para alto rendimiento.,69984.23,1,1
Campera Dry-Fit v60,Indumentaria deportiva serie 319 para alto rendimiento.,111187.99,2,3
Campera Aeroswift v65,Indumentaria deportiva serie 320 para alto rendimiento.,40373.92,2,3
Short Tech v90,Indumentaria deportiva serie 321 para alto rendimiento.,33481.31,1,4
Zapatillas Ultra v34,Indumentaria deportiva serie 322 para alto rendimiento.,99149.07,2,2
Short Basic v84,Indumentaria deportiva serie 323 para alto rendimiento.,53193.24,1,2
Pantalón Pro v84,Indumentaria deportiva serie 324 para alto rendimiento.,52080.94,3,4
Medias Pro v9,Indumentaria deportiva serie 325 para alto rendimiento.,21712.68,1,5
Pantalón Compression v97,Indumentaria deportiva serie 326 para alto rendimiento.,147094.29,3,1
Medias Compression v7,Indumentaria deportiva serie 327 para alto rendimiento.,72150.84,3,4
Calza Basic v49,Indumentaria deportiva serie 328 para alto rendimiento.,75783.99,3,4
Medias Elite v62,Indumentaria deportiva serie 329 para alto rendimiento.,103161.76,1,2
Short Compression v63,Indumentaria deportiva serie 330 para alto rendimiento.,111098.15,1,3
Pantalón Pro v78,Indumentaria deportiva serie 331 para alto rendimiento.,22673.31,1,5
Buzo Dry-Fit v56,Indumentaria deportiva serie 332 para alto rendimiento.,145929.19,3,5
Zapatillas Elite v99,Indumentaria deportiva serie 333 para alto rendimiento.,43250.58,1,2
Zapatillas Training v25,Indumentaria deportiva serie 334 para alto rendimiento.,126894.59,3,2
Calza Training v85,Indumentaria deportiva serie 335 para alto rendimiento.,26968.6,3,5
Top Training v86,Indumentaria deportiva serie 336 para alto rendimiento.,51261.29,2,5
Pantalón Compression v46,Indumentaria deportiva serie 337 para alto rendimiento.,15953.65,2,3
Campera Dry-Fit v35,Indumentaria deportiva serie 338 para alto rendimiento.,27354.1,3,4
Top Dry-Fit v23,Indumentaria deportiva serie 339 para alto rendimiento.,28418.98,1,4
Top Basic v97,Indumentaria deportiva serie 340 para alto rendimiento.,138389.61,1,2
Pantalón Pro v19,Indumentaria deportiva serie 341 para alto rendimiento.,120917.62,1,3
Short Basic v70,Indumentaria deportiva serie 342 para alto rendimiento.,142822.58,3,3
Buzo Tech v64,Indumentaria deportiva serie 343 para alto rendimiento.,143006.22,2,4
Remera Compression v64,Indumentaria deportiva serie 344 para alto rendimiento.,91223.77,3,3
Buzo Pro v76,Indumentaria deportiva serie 345 para alto rendimiento.,57026.51,2,4
Short Aeroswift v73,Indumentaria deportiva serie 346 para alto rendimiento.,84681.54,3,3
Medias Aeroswift v32,Indumentaria deportiva serie 347 para alto rendimiento.,147658.34,3,4
Remera Elite v34,Indumentaria deportiva serie 348 para alto rendimiento.,35706.18,3,5
Buzo Training v33,Indumentaria deportiva serie 349 para alto rendimiento.,110688.38,1,3
Medias Pro v49,Indumentaria deportiva serie 350 para alto rendimiento.,144441.21,3,5
Buzo Tech v73,Indumentaria deportiva serie 351 para alto rendimiento.,136290.07,1,5
Medias Tech v65,Indumentaria deportiva serie 352 para alto rendimiento.,108182.38,1,3
Short Tech v26,Indumentaria deportiva serie 353 para alto rendimiento.,106898.85,2,3
Remera Tech v3,Indumentaria deportiva serie 354 para alto rendimiento.,130859.55,2,4
Short Tech v27,Indumentaria deportiva serie 355 para alto rendimiento.,21569.35,1,2
Medias Ultra v54,Indumentaria deportiva serie 356 para alto rendimiento.,122072.38,2,2
Top Training v8,Indumentaria deportiva serie 357 para alto rendimiento.,75320.44,2,3
Buzo Ultra v30,Indumentaria deportiva serie 358 para alto rendimiento.,140688.56,1,1
Top Basic v70,Indumentaria deportiva serie 359 para alto rendimiento.,75059.79,1,2
Campera Aeroswift v27,Indumentaria deportiva serie 360 para alto rendimiento.,31463.85,1,5
Calza Pro v3,Indumentaria deportiva serie 361 para alto rendimiento.,66189.36,3,2
Calza Training v66,Indumentaria deportiva serie 362 para alto rendimiento.,33843.61,1,4
Buzo Compression v80,Indumentaria deportiva serie 363 para alto rendimiento.,80457.31,3,2
Medias Aeroswift v52,Indumentaria deportiva serie 364 para alto rendimiento.,123554.36,1,3
Campera Training v42,Indumentaria deportiva serie 365 para alto rendimiento.,61874.43,2,1
Top Dry-Fit v75,Indumentaria deportiva serie 366 para alto rendimiento.,30928.67,1,3
Campera Aeroswift v19,Indumentaria deportiva serie 367 para alto rendimiento.,38598.86,2,1
Buzo Compression v89,Indumentaria deportiva serie 368 para alto rendimiento.,72753.76,1,5
Campera Tech v6,Indumentaria deportiva serie 369 para alto rendimiento.,48126.06,1,4
Pantalón Aeroswift v66,Indumentaria deportiva serie 370 para alto rendimiento.,138595.9,2,5
Zapatillas Compression v43,Indumentaria deportiva serie 371 para alto rendimiento.,145582.9,2,1
Short Aeroswift v91,Indumentaria deportiva serie 372 para alto rendimiento.,112472.08,2,4
Campera Elite v83,Indumentaria deportiva serie 373 para alto rendimiento.,126933.12,1,5
Campera Elite v13,Indumentaria deportiva serie 374 para alto rendimiento.,55153.53,3,2
Campera Dry-Fit v55,Indumentaria deportiva serie 375 para alto rendimiento.,63820.06,2,4
Medias Dry-Fit v52,Indumentaria deportiva serie 376 para alto rendimiento.,104425.55,3,2
Campera Compression v98,Indumentaria deportiva serie 377 para alto rendimiento.,97262.14,1,1
Pantalón Aeroswift v56,Indumentaria deportiva serie 378 para alto rendimiento.,112801.66,2,5
Medias Ultra v25,Indumentaria deportiva serie 379 para alto rendimiento.,50710.9,2,5
Medias Aeroswift v35,Indumentaria deportiva serie 380 para alto rendimiento.,47736.79,3,1
Buzo Compression v44,Indumentaria deportiva serie 381 para alto rendimiento.,93902.64,1,1
Calza Dry-Fit v21,Indumentaria deportiva serie 382 para alto rendimiento.,69775.97,3,1
Zapatillas Dry-Fit v97,Indumentaria deportiva serie 383 para alto rendimiento.,38108.25,3,5
Calza Ultra v64,Indumentaria deportiva serie 384 para alto rendimiento.,18135.31,2,4
Calza Ultra v88,Indumentaria deportiva serie 385 para alto rendimiento.,77954.15,3,4
Zapatillas Tech v31,Indumentaria deportiva serie 386 para alto rendimiento.,32000.38,2,5
Buzo Training v6,Indumentaria deportiva serie 387 para alto rendimiento.,56774.93,3,4
Remera Elite v8,Indumentaria deportiva serie 388 para alto rendimiento.,33292.74,3,5
Top Training v99,Indumentaria deportiva serie 389 para alto rendimiento.,72903.02,2,2
Medias Tech v18,Indumentaria deportiva serie 390 para alto rendimiento.,146767.93,1,4
Pantalón Aeroswift v27,Indumentaria deportiva serie 391 para alto rendimiento.,98461.97,3,4
Campera Dry-Fit v60,Indumentaria deportiva serie 392 para alto rendimiento.,137776.01,1,5
Short Training v25,Indumentaria deportiva serie 393 para alto rendimiento.,36969.31,2,5
Medias Pro v11,Indumentaria deportiva serie 394 para alto rendimiento.,15591.65,3,2
Buzo Pro v14,Indumentaria deportiva serie 395 para alto rendimiento.,58481.53,1,5
Remera Dry-Fit v38,Indumentaria deportiva serie 396 para alto rendimiento.,33450.38,3,3
Top Training v88,Indumentaria deportiva serie 397 para alto rendimiento.,23220.43,1,5
Short Ultra v93,Indumentaria deportiva serie 398 para alto rendimiento.,94757.58,2,4
Short Basic v21,Indumentaria deportiva serie 399 para alto rendimiento.,52561.2,2,3
Top Tech v23,Indumentaria deportiva serie 400 para alto rendimiento.,142675.66,1,3
Buzo Dry-Fit v70,Indumentaria deportiva serie 401 para alto rendimiento.,130003.59,2,3
Pantalón Basic v94,Indumentaria deportiva serie 402 para alto rendimiento.,22848.08,1,5
Campera Aeroswift v9,Indumentaria deportiva serie 403 para alto rendimiento.,115739.82,2,2
Medias Training v59,Indumentaria deportiva serie 404 para alto rendimiento.,105240.77,2,3
Medias Tech v99,Indumentaria deportiva serie 405 para alto rendimiento.,143546.2,2,4
Buzo Compression v46,Indumentaria deportiva serie 406 para alto rendimiento.,105592.5,2,5
Zapatillas Basic v50,Indumentaria deportiva serie 407 para alto rendimiento.,148260.77,3,3
Short Compression v20,Indumentaria deportiva serie 408 para alto rendimiento.,148269.34,2,1
Remera Aeroswift v8,Indumentaria deportiva serie 409 para alto rendimiento.,54609.6,3,4
Buzo Training v19,Indumentaria deportiva serie 410 para alto rendimiento.,144709.69,3,4
Calza Elite v19,Indumentaria deportiva serie 411 para alto rendimiento.,117438.04,3,4
Zapatillas Tech v85,Indumentaria deportiva serie 412 para alto rendimiento.,145157.29,1,5
Zapatillas Aeroswift v56,Indumentaria deportiva serie 413 para alto rendimiento.,90060.97,1,2
Campera Dry-Fit v39,Indumentaria deportiva serie 414 para alto rendimiento.,71858.9,3,3
Buzo Training v4,Indumentaria deportiva serie 415 para alto rendimiento.,113431.27,1,5
Pantalón Aeroswift v33,Indumentaria deportiva serie 416 para alto rendimiento.,64082.92,1,3
Short Aeroswift v73,Indumentaria deportiva serie 417 para alto rendimiento.,124169.4,2,2
Buzo Training v40,Indumentaria deportiva serie 418 para alto rendimiento.,21085.82,3,2
Zapatillas Elite v10,Indumentaria deportiva serie 419 para alto rendimiento.,40038.71,3,2
Pantalón Dry-Fit v70,Indumentaria deportiva serie 420 para alto rendimiento.,72247.09,3,1
Pantalón Aeroswift v22,Indumentaria deportiva serie 421 para alto rendimiento.,25008.61,3,4
Calza Aeroswift v22,Indumentaria deportiva serie 422 para alto rendimiento.,106908.17,2,4
Zapatillas Basic v95,Indumentaria deportiva serie 423 para alto rendimiento.,17193.29,1,1
Short Tech v16,Indumentaria deportiva serie 424 para alto rendimiento.,42271.42,1,5
Short Basic v9,Indumentaria deportiva serie 425 para alto rendimiento.,55311.63,2,5
Pantalón Training v90,Indumentaria deportiva serie 426 para alto rendimiento.,142271.35,1,4
Calza Ultra v77,Indumentaria deportiva serie 427 para alto rendimiento.,21768.59,2,3
Pantalón Compression v77,Indumentaria deportiva serie 428 para alto rendimiento.,54008.9,3,4
Zapatillas Training v18,Indumentaria deportiva serie 429 para alto rendimiento.,90821.43,3,4
Calza Elite v81,Indumentaria deportiva serie 430 para alto rendimiento.,51526.09,2,2
Pantalón Tech v75,Indumentaria deportiva serie 431 para alto rendimiento.,121814.57,3,5
Buzo Compression v15,Indumentaria deportiva serie 432 para alto rendimiento.,64980.72,1,2
Pantalón Dry-Fit v26,Indumentaria deportiva serie 433 para alto rendimiento.,68650.98,2,2
Calza Aeroswift v47,Indumentaria deportiva serie 434 para alto rendimiento.,85523.45,3,2
Zapatillas Pro v92,Indumentaria deportiva serie 435 para alto rendimiento.,98390.6,3,4
Calza Dry-Fit v58,Indumentaria deportiva serie 436 para alto rendimiento.,109772.76,2,3
Medias Dry-Fit v86,Indumentaria deportiva serie 437 para alto rendimiento.,44398.73,1,3
Pantalón Elite v51,Indumentaria deportiva serie 438 para alto rendimiento.,70717.33,1,4
Short Elite v71,Indumentaria deportiva serie 439 para alto rendimiento.,55916.67,1,4
Buzo Training v82,Indumentaria deportiva serie 440 para alto rendimiento.,112697.2,1,4
Zapatillas Tech v25,Indumentaria deportiva serie 441 para alto rendimiento.,60766.39,2,2
Buzo Aeroswift v84,Indumentaria deportiva serie 442 para alto rendimiento.,21354.77,2,5
Medias Basic v95,Indumentaria deportiva serie 443 para alto rendimiento.,32950.1,3,5
Buzo Basic v15,Indumentaria deportiva serie 444 para alto rendimiento.,43729.25,1,1
Calza Elite v38,Indumentaria deportiva serie 445 para alto rendimiento.,123908.81,2,4
Top Elite v55,Indumentaria deportiva serie 446 para alto rendimiento.,109971.62,2,1
Pantalón Elite v77,Indumentaria deportiva serie 447 para alto rendimiento.,85234.57,1,5
Buzo Pro v5,Indumentaria deportiva serie 448 para alto rendimiento.,62061.68,1,4
Campera Aeroswift v87,Indumentaria deportiva serie 449 para alto rendimiento.,101637.81,1,1
Short Basic v7,Indumentaria deportiva serie 450 para alto rendimiento.,109609.68,1,2
Calza Tech v60,Indumentaria deportiva serie 451 para alto rendimiento.,135488.31,1,5
Buzo Compression v58,Indumentaria deportiva serie 452 para alto rendimiento.,47201.18,2,1
Buzo Ultra v56,Indumentaria deportiva serie 453 para alto rendimiento.,142428.71,3,3
Buzo Basic v25,Indumentaria deportiva serie 454 para alto rendimiento.,71721.85,2,1
Remera Ultra v70,Indumentaria deportiva serie 455 para alto rendimiento.,48856.47,3,4
Pantalón Compression v70,Indumentaria deportiva serie 456 para alto rendimiento.,63166.64,3,2
Remera Dry-Fit v63,Indumentaria deportiva serie 457 para alto rendimiento.,145811.69,1,5
Buzo Dry-Fit v70,Indumentaria deportiva serie 458 para alto rendimiento.,75881.37,3,2
Zapatillas Compression v43,Indumentaria deportiva serie 459 para alto rendimiento.,109427.11,2,1
Remera Dry-Fit v14,Indumentaria deportiva serie 460 para alto rendimiento.,62368.22,1,1
Remera Training v25,Indumentaria deportiva serie 461 para alto rendimiento.,26198.75,3,2
Top Training v56,Indumentaria deportiva serie 462 para alto rendimiento.,122521.39,2,5
Medias Tech v40,Indumentaria deportiva serie 463 para alto rendimiento.,41589.79,2,4
Buzo Aeroswift v47,Indumentaria deportiva serie 464 para alto rendimiento.,26746.89,1,3
Zapatillas Ultra v13,Indumentaria deportiva serie 465 para alto rendimiento.,81818.3,2,5
Calza Pro v48,Indumentaria deportiva serie 466 para alto rendimiento.,29356.62,1,2
Buzo Dry-Fit v42,Indumentaria deportiva serie 467 para alto rendimiento.,106868.28,3,4
Calza Pro v62,Indumentaria deportiva serie 468 para alto rendimiento.,23822.24,3,5
Remera Basic v43,Indumentaria deportiva serie 469 para alto rendimiento.,20086.68,2,2
Buzo Pro v95,Indumentaria deportiva serie 470 para alto rendimiento.,41666.76,3,4
Buzo Basic v66,Indumentaria deportiva serie 471 para alto rendimiento.,89555.65,1,1
Calza Ultra v10,Indumentaria deportiva serie 472 para alto rendimiento.,69628.49,2,3
Campera Ultra v3,Indumentaria deportiva serie 473 para alto rendimiento.,23815.71,2,3
Short Aeroswift v23,Indumentaria deportiva serie 474 para alto rendimiento.,137338.82,1,4
Medias Tech v17,Indumentaria deportiva serie 475 para alto rendimiento.,41494.17,2,1
Buzo Basic v6,Indumentaria deportiva serie 476 para alto rendimiento.,145811.0,2,1
Zapatillas Compression v41,Indumentaria deportiva serie 477 para alto rendimiento.,101158.48,3,5
Zapatillas Ultra v4,Indumentaria deportiva serie 478 para alto rendimiento.,100004.75,1,1
Zapatillas Dry-Fit v85,Indumentaria deportiva serie 479 para alto rendimiento.,22392.6,2,4
Short Aeroswift v28,Indumentaria deportiva serie 480 para alto rendimiento.,70064.84,1,2
Campera Compression v87,Indumentaria deportiva serie 481 para alto rendimiento.,49693.93,3,3
Buzo Aeroswift v61,Indumentaria deportiva serie 482 para alto rendimiento.,42226.25,3,2
Pantalón Training v88,Indumentaria deportiva serie 483 para alto rendimiento.,67248.82,3,2
Top Tech v10,Indumentaria deportiva serie 484 para alto rendimiento.,145192.64,2,5
Top Aeroswift v53,Indumentaria deportiva serie 485 para alto rendimiento.,103907.54,3,4
Pantalón Dry-Fit v14,Indumentaria deportiva serie 486 para alto rendimiento.,71089.39,1,3
Zapatillas Training v5,Indumentaria deportiva serie 487 para alto rendimiento.,74515.25,2,5
Pantalón Pro v19,Indumentaria deportiva serie 488 para alto rendimiento.,102973.83,1,1
Campera Ultra v81,Indumentaria deportiva serie 489 para alto rendimiento.,42418.58,3,5
Medias Training v85,Indumentaria deportiva serie 490 para alto rendimiento.,64070.24,3,4
Medias Pro v12,Indumentaria deportiva serie 491 para alto rendimiento.,128408.16,2,1
Remera Dry-Fit v21,Indumentaria deportiva serie 492 para alto rendimiento.,41581.02,1,2
Short Compression v90,Indumentaria deportiva serie 493 para alto rendimiento.,73512.66,3,5
Calza Compression v90,Indumentaria deportiva serie 494 para alto rendimiento.,113495.54,2,5
Short Dry-Fit v60,Indumentaria deportiva serie 495 para alto rendimiento.,28790.79,1,4
Calza Ultra v26,Indumentaria deportiva serie 496 para alto rendimiento.,49535.45,1,2
Buzo Tech v3,Indumentaria deportiva serie 497 para alto rendimiento.,46256.65,2,2
Remera Elite v57,Indumentaria deportiva serie 498 para alto rendimiento.,37986.15,3,5
Calza Tech v34,Indumentaria deportiva serie 499 para alto rendimiento.,101712.15,2,5
Calza Ultra v12,Indumentaria deportiva serie 500 para alto rendimiento.,17427.97,2,5
Pantalón Dry-Fit v41,Indumentaria deportiva serie 501 para alto rendimiento.,109027.21,3,4
Pantalón Tech v46,Indumentaria deportiva serie 502 para alto rendimiento.,145867.85,3,2
Short Dry-Fit v89,Indumentaria deportiva serie 503 para alto rendimiento.,65959.51,1,4
Buzo Elite v57,Indumentaria deportiva serie 504 para alto rendimiento.,40168.7,1,3
Buzo Training v51,Indumentaria deportiva serie 505 para alto rendimiento.,73792.14,1,2
Calza Training v78,Indumentaria deportiva serie 506 para alto rendimiento.,95389.55,1,5
Top Compression v46,Indumentaria deportiva serie 507 para alto rendimiento.,149522.18,3,5
Pantalón Compression v41,Indumentaria deportiva serie 508 para alto rendimiento.,88475.55,3,4
Pantalón Aeroswift v64,Indumentaria deportiva serie 509 para alto rendimiento.,110242.98,2,5
Medias Dry-Fit v14,Indumentaria deportiva serie 510 para alto rendimiento.,53232.97,1,2
Remera Ultra v4,Indumentaria deportiva serie 511 para alto rendimiento.,46384.19,2,4
Zapatillas Ultra v10,Indumentaria deportiva serie 512 para alto rendimiento.,44454.94,2,3
Remera Ultra v52,Indumentaria deportiva serie 513 para alto rendimiento.,46216.26,3,5
Buzo Pro v95,Indumentaria deportiva serie 514 para alto rendimiento.,126985.03,3,2
Medias Elite v53,Indumentaria deportiva serie 515 para alto rendimiento.,126990.72,2,4
Calza Dry-Fit v82,Indumentaria deportiva serie 516 para alto rendimiento.,25557.76,2,4
Remera Basic v81,Indumentaria deportiva serie 517 para alto rendimiento.,87583.81,2,5
Remera Dry-Fit v13,Indumentaria deportiva serie 518 para alto rendimiento.,142254.78,1,1
Short Ultra v16,Indumentaria deportiva serie 519 para alto rendimiento.,121970.27,3,4
Remera Training v95,Indumentaria deportiva serie 520 para alto rendimiento.,31168.57,1,4
Remera Aeroswift v5,Indumentaria deportiva serie 521 para alto rendimiento.,79748.58,1,1
Top Training v24,Indumentaria deportiva serie 522 para alto rendimiento.,44876.85,1,2
Top Tech v36,Indumentaria deportiva serie 523 para alto rendimiento.,91711.55,2,3
Medias Basic v46,Indumentaria deportiva serie 524 para alto rendimiento.,81150.03,2,4
Short Tech v19,Indumentaria deportiva serie 525 para alto rendimiento.,135688.51,2,2
Buzo Ultra v64,Indumentaria deportiva serie 526 para alto rendimiento.,85945.1,2,4
Top Aeroswift v24,Indumentaria deportiva serie 527 para alto rendimiento.,126868.66,1,4
Campera Dry-Fit v69,Indumentaria deportiva serie 528 para alto rendimiento.,69526.42,3,3
Pantalón Aeroswift v68,Indumentaria deportiva serie 529 para alto rendimiento.,18935.38,2,3
Remera Elite v99,Indumentaria deportiva serie 530 para alto rendimiento.,61772.6,1,1
Campera Pro v30,Indumentaria deportiva serie 531 para alto rendimiento.,124548.56,2,2
Medias Pro v40,Indumentaria deportiva serie 532 para alto rendimiento.,90078.91,1,5
Remera Aeroswift v99,Indumentaria deportiva serie 533 para alto rendimiento.,87504.77,1,1
Zapatillas Ultra v62,Indumentaria deportiva serie 534 para alto rendimiento.,110964.38,2,4
Calza Tech v55,Indumentaria deportiva serie 535 para alto rendimiento.,17251.35,1,4
Calza Dry-Fit v50,Indumentaria deportiva serie 536 para alto rendimiento.,96553.65,3,1
Calza Aeroswift v3,Indumentaria deportiva serie 537 para alto rendimiento.,137273.66,2,4
Short Aeroswift v74,Indumentaria deportiva serie 538 para alto rendimiento.,97953.03,1,5
Zapatillas Dry-Fit v66,Indumentaria deportiva serie 539 para alto rendimiento.,42000.95,3,5
Medias Dry-Fit v48,Indumentaria deportiva serie 540 para alto rendimiento.,54080.24,1,2
Zapatillas Pro v73,Indumentaria deportiva serie 541 para alto rendimiento.,61628.35,2,5
Medias Pro v43,Indumentaria deportiva serie 542 para alto rendimiento.,68974.34,1,2
Zapatillas Aeroswift v18,Indumentaria deportiva serie 543 para alto rendimiento.,100879.02,3,2
Remera Ultra v55,Indumentaria deportiva serie 544 para alto rendimiento.,60000.35,1,5
Short Compression v37,Indumentaria deportiva serie 545 para alto rendimiento.,19044.47,3,5
Short Training v37,Indumentaria deportiva serie 546 para alto rendimiento.,86156.81,2,2
Buzo Basic v70,Indumentaria deportiva serie 547 para alto rendimiento.,72868.21,1,2
Pantalón Aeroswift v67,Indumentaria deportiva serie 548 para alto rendimiento.,144393.3,2,1
Short Training v95,Indumentaria deportiva serie 549 para alto rendimiento.,88795.19,3,3
Zapatillas Pro v11,Indumentaria deportiva serie 550 para alto rendimiento.,17892.02,1,5
Remera Elite v21,Indumentaria deportiva serie 551 para alto rendimiento.,62177.46,1,1
Medias Training v85,Indumentaria deportiva serie 552 para alto rendimiento.,50532.51,2,2
Top Tech v68,Indumentaria deportiva serie 553 para alto rendimiento.,144217.03,2,4
Zapatillas Basic v29,Indumentaria deportiva serie 554 para alto rendimiento.,52114.21,3,1
Short Training v5,Indumentaria deportiva serie 555 para alto rendimiento.,41689.26,2,2
Campera Basic v6,Indumentaria deportiva serie 556 para alto rendimiento.,28353.78,2,1
Remera Training v15,Indumentaria deportiva serie 557 para alto rendimiento.,126838.95,3,4
Buzo Training v52,Indumentaria deportiva serie 558 para alto rendimiento.,104629.84,1,1
Calza Pro v87,Indumentaria deportiva serie 559 para alto rendimiento.,29524.75,3,4
Buzo Training v71,Indumentaria deportiva serie 560 para alto rendimiento.,59901.24,1,2
Remera Dry-Fit v68,Indumentaria deportiva serie 561 para alto rendimiento.,109464.59,1,5
Top Basic v94,Indumentaria deportiva serie 562 para alto rendimiento.,142699.67,1,4
Pantalón Training v53,Indumentaria deportiva serie 563 para alto rendimiento.,74094.62,1,3
Medias Training v49,Indumentaria deportiva serie 564 para alto rendimiento.,118567.72,2,1
Buzo Training v66,Indumentaria deportiva serie 565 para alto rendimiento.,110932.22,3,4
Calza Training v90,Indumentaria deportiva serie 566 para alto rendimiento.,43815.5,3,5
Remera Basic v53,Indumentaria deportiva serie 567 para alto rendimiento.,38288.35,1,5
Calza Ultra v22,Indumentaria deportiva serie 568 para alto rendimiento.,100345.02,3,3
Pantalón Tech v86,Indumentaria deportiva serie 569 para alto rendimiento.,102299.98,1,4
Remera Training v59,Indumentaria deportiva serie 570 para alto rendimiento.,25811.13,2,5
Top Basic v82,Indumentaria deportiva serie 571 para alto rendimiento.,67765.86,3,1
Calza Pro v51,Indumentaria deportiva serie 572 para alto rendimiento.,51949.67,1,2
Zapatillas Aeroswift v32,Indumentaria deportiva serie 573 para alto rendimiento.,106484.75,2,3
Medias Dry-Fit v63,Indumentaria deportiva serie 574 para alto rendimiento.,109680.85,1,3
Pantalón Basic v91,Indumentaria deportiva serie 575 para alto rendimiento.,92389.0,3,3
Campera Aeroswift v24,Indumentaria deportiva serie 576 para alto rendimiento.,45111.92,2,1
Medias Ultra v33,Indumentaria deportiva serie 577 para alto rendimiento.,86906.19,3,3
Buzo Tech v61,Indumentaria deportiva serie 578 para alto rendimiento.,81945.51,1,3
Medias Aeroswift v42,Indumentaria deportiva serie 579 para alto rendimiento.,19337.41,1,3
Top Elite v78,Indumentaria deportiva serie 580 para alto rendimiento.,59200.26,2,5
Buzo Compression v56,Indumentaria deportiva serie 581 para alto rendimiento.,49292.09,3,4
Short Tech v37,Indumentaria deportiva serie 582 para alto rendimiento.,43446.91,3,5
Campera Training v29,Indumentaria deportiva serie 583 para alto rendimiento.,69869.03,2,5
Campera Ultra v16,Indumentaria deportiva serie 584 para alto rendimiento.,107088.6,2,2
Campera Compression v57,Indumentaria deportiva serie 585 para alto rendimiento.,39635.68,1,4
Pantalón Elite v3,Indumentaria deportiva serie 586 para alto rendimiento.,129876.07,1,2
Zapatillas Aeroswift v50,Indumentaria deportiva serie 587 para alto rendimiento.,53408.76,1,1
Top Pro v96,Indumentaria deportiva serie 588 para alto rendimiento.,40684.98,1,3
Short Aeroswift v43,Indumentaria deportiva serie 589 para alto rendimiento.,101486.95,1,4
Top Elite v41,Indumentaria deportiva serie 590 para alto rendimiento.,105180.96,1,5
Top Tech v51,Indumentaria deportiva serie 591 para alto rendimiento.,28770.95,2,5
Pantalón Compression v86,Indumentaria deportiva serie 592 para alto rendimiento.,103874.17,3,3
Top Aeroswift v22,Indumentaria deportiva serie 593 para alto rendimiento.,126056.38,3,4
Short Basic v78,Indumentaria deportiva serie 594 para alto rendimiento.,98225.99,1,4
Zapatillas Aeroswift v65,Indumentaria deportiva serie 595 para alto rendimiento.,18583.46,2,5
Campera Basic v95,Indumentaria deportiva serie 596 para alto rendimiento.,41322.53,3,1
Top Training v29,Indumentaria deportiva serie 597 para alto rendimiento.,79330.14,3,2
Zapatillas Basic v59,Indumentaria deportiva serie 598 para alto rendimiento.,140001.09,1,2
Campera Aeroswift v27,Indumentaria deportiva serie 599 para alto rendimiento.,51482.17,1,5
Remera Basic v79,Indumentaria deportiva serie 600 para alto rendimiento.,119947.0,1,1
Calza Aeroswift v31,Indumentaria deportiva serie 601 para alto rendimiento.,130929.24,1,5
Short Dry-Fit v80,Indumentaria deportiva serie 602 para alto rendimiento.,20766.0,3,3
Campera Tech v27,Indumentaria deportiva serie 603 para alto rendimiento.,53307.21,3,2
Zapatillas Elite v25,Indumentaria deportiva serie 604 para alto rendimiento.,19847.29,1,3
Campera Training v71,Indumentaria deportiva serie 605 para alto rendimiento.,77433.41,1,4
Remera Dry-Fit v47,Indumentaria deportiva serie 606 para alto rendimiento.,20929.98,2,3
Top Tech v45,Indumentaria deportiva serie 607 para alto rendimiento.,85857.42,2,1
Campera Training v10,Indumentaria deportiva serie 608 para alto rendimiento.,106119.42,2,5
Short Ultra v18,Indumentaria deportiva serie 609 para alto rendimiento.,107380.54,1,1
Buzo Tech v74,Indumentaria deportiva serie 610 para alto rendimiento.,66719.15,3,4
Remera Basic v51,Indumentaria deportiva serie 611 para alto rendimiento.,141160.07,1,4
Medias Ultra v66,Indumentaria deportiva serie 612 para alto rendimiento.,48929.97,2,2
Calza Dry-Fit v83,Indumentaria deportiva serie 613 para alto rendimiento.,65165.8,1,1
Buzo Basic v22,Indumentaria deportiva serie 614 para alto rendimiento.,87272.02,1,2
Campera Aeroswift v71,Indumentaria deportiva serie 615 para alto rendimiento.,101095.05,2,4
Medias Training v31,Indumentaria deportiva serie 616 para alto rendimiento.,58130.74,3,5
Remera Aeroswift v10,Indumentaria deportiva serie 617 para alto rendimiento.,44561.85,1,2
Top Training v55,Indumentaria deportiva serie 618 para alto rendimiento.,59020.18,3,1
Short Ultra v94,Indumentaria deportiva serie 619 para alto rendimiento.,91412.33,1,4
Calza Basic v40,Indumentaria deportiva serie 620 para alto rendimiento.,19622.95,2,3
Top Ultra v72,Indumentaria deportiva serie 621 para alto rendimiento.,85815.7,1,1
Medias Training v74,Indumentaria deportiva serie 622 para alto rendimiento.,145594.34,1,1
Calza Ultra v73,Indumentaria deportiva serie 623 para alto rendimiento.,79136.3,2,5
Calza Ultra v30,Indumentaria deportiva serie 624 para alto rendimiento.,47165.75,3,1
Medias Pro v77,Indumentaria deportiva serie 625 para alto rendimiento.,20605.68,3,1
Buzo Aeroswift v64,Indumentaria deportiva serie 626 para alto rendimiento.,117657.52,3,5
Medias Ultra v39,Indumentaria deportiva serie 627 para alto rendimiento.,61588.41,3,2
Medias Elite v86,Indumentaria deportiva serie 628 para alto rendimiento.,103845.59,3,2
Pantalón Basic v59,Indumentaria deportiva serie 629 para alto rendimiento.,44696.92,3,1
Remera Compression v31,Indumentaria deportiva serie 630 para alto rendimiento.,47877.9,3,3
Calza Elite v50,Indumentaria deportiva serie 631 para alto rendimiento.,53717.52,3,1
Top Ultra v37,Indumentaria deportiva serie 632 para alto rendimiento.,73044.76,2,2
Zapatillas Aeroswift v21,Indumentaria deportiva serie 633 para alto rendimiento.,145430.04,3,5
Campera Training v3,Indumentaria deportiva serie 634 para alto rendimiento.,67321.5,2,5
Calza Elite v28,Indumentaria deportiva serie 635 para alto rendimiento.,143665.77,2,4
Buzo Training v78,Indumentaria deportiva serie 636 para alto rendimiento.,45893.34,2,2
Remera Dry-Fit v94,Indumentaria deportiva serie 637 para alto rendimiento.,107847.06,2,1
Short Pro v50,Indumentaria deportiva serie 638 para alto rendimiento.,138816.67,2,5
Top Tech v67,Indumentaria deportiva serie 639 para alto rendimiento.,62185.63,1,2
Remera Basic v37,Indumentaria deportiva serie 640 para alto rendimiento.,75083.57,1,3
Pantalón Dry-Fit v95,Indumentaria deportiva serie 641 para alto rendimiento.,27748.88,1,5
Zapatillas Aeroswift v49,Indumentaria deportiva serie 642 para alto rendimiento.,34194.83,1,1
Buzo Compression v90,Indumentaria deportiva serie 643 para alto rendimiento.,88164.3,3,1
Calza Elite v97,Indumentaria deportiva serie 644 para alto rendimiento.,35126.33,2,2
Medias Training v16,Indumentaria deportiva serie 645 para alto rendimiento.,95438.65,2,2
Pantalón Training v49,Indumentaria deportiva serie 646 para alto rendimiento.,127641.08,3,1
Remera Basic v88,Indumentaria deportiva serie 647 para alto rendimiento.,101885.08,3,4
Remera Training v9,Indumentaria deportiva serie 648 para alto rendimiento.,109579.01,2,1
Top Compression v68,Indumentaria deportiva serie 649 para alto rendimiento.,100815.25,1,3
Pantalón Compression v30,Indumentaria deportiva serie 650 para alto rendimiento.,102226.65,2,1
Top Training v38,Indumentaria deportiva serie 651 para alto rendimiento.,113173.37,3,5
Remera Pro v7,Indumentaria deportiva serie 652 para alto rendimiento.,25113.03,1,5
Medias Elite v88,Indumentaria deportiva serie 653 para alto rendimiento.,107087.27,2,3
Top Aeroswift v21,Indumentaria deportiva serie 654 para alto rendimiento.,149904.8,3,2
Campera Aeroswift v11,Indumentaria deportiva serie 655 para alto rendimiento.,102704.01,2,5
Zapatillas Basic v42,Indumentaria deportiva serie 656 para alto rendimiento.,66846.24,3,5
Top Pro v12,Indumentaria deportiva serie 657 para alto rendimiento.,82553.22,2,5
Pantalón Basic v66,Indumentaria deportiva serie 658 para alto rendimiento.,59513.09,2,2
Pantalón Elite v47,Indumentaria deportiva serie 659 para alto rendimiento.,109001.38,1,4
Zapatillas Compression v36,Indumentaria deportiva serie 660 para alto rendimiento.,74115.94,1,2
Campera Pro v31,Indumentaria deportiva serie 661 para alto rendimiento.,101422.54,3,4
Short Dry-Fit v71,Indumentaria deportiva serie 662 para alto rendimiento.,118086.15,1,2
Campera Basic v56,Indumentaria deportiva serie 663 para alto rendimiento.,71754.93,2,4
Pantalón Elite v4,Indumentaria deportiva serie 664 para alto rendimiento.,128025.42,2,2
Calza Aeroswift v21,Indumentaria deportiva serie 665 para alto rendimiento.,35982.29,2,1
Zapatillas Basic v43,Indumentaria deportiva serie 666 para alto rendimiento.,101112.31,2,1
Pantalón Compression v11,Indumentaria deportiva serie 667 para alto rendimiento.,114580.56,1,4
Short Tech v23,Indumentaria deportiva serie 668 para alto rendimiento.,84928.6,2,5
Short Basic v81,Indumentaria deportiva serie 669 para alto rendimiento.,134928.32,3,1
Medias Elite v62,Indumentaria deportiva serie 670 para alto rendimiento.,117232.68,1,3
Remera Tech v63,Indumentaria deportiva serie 671 para alto rendimiento.,87604.98,3,4
Campera Dry-Fit v68,Indumentaria deportiva serie 672 para alto rendimiento.,32856.1,1,3
Buzo Dry-Fit v91,Indumentaria deportiva serie 673 para alto rendimiento.,89532.97,2,1
Pantalón Training v50,Indumentaria deportiva serie 674 para alto rendimiento.,118932.15,1,1
Medias Ultra v28,Indumentaria deportiva serie 675 para alto rendimiento.,132220.23,3,5
Top Compression v8,Indumentaria deportiva serie 676 para alto rendimiento.,22862.01,2,1
Top Tech v39,Indumentaria deportiva serie 677 para alto rendimiento.,41740.25,1,1
Campera Tech v63,Indumentaria deportiva serie 678 para alto rendimiento.,41770.18,3,4
Campera Tech v61,Indumentaria deportiva serie 679 para alto rendimiento.,25013.3,3,4
Campera Elite v86,Indumentaria deportiva serie 680 para alto rendimiento.,42307.46,2,1
Buzo Ultra v44,Indumentaria deportiva serie 681 para alto rendimiento.,83833.36,3,5
Pantalón Dry-Fit v97,Indumentaria deportiva serie 682 para alto rendimiento.,86838.87,1,1
Pantalón Pro v96,Indumentaria deportiva serie 683 para alto rendimiento.,115212.3,2,4
Buzo Elite v59,Indumentaria deportiva serie 684 para alto rendimiento.,119577.7,3,1
Zapatillas Basic v7,Indumentaria deportiva serie 685 para alto rendimiento.,44625.4,1,5
Pantalón Elite v2,Indumentaria deportiva serie 686 para alto rendimiento.,86369.46,1,1
Top Dry-Fit v17,Indumentaria deportiva serie 687 para alto rendimiento.,43556.69,2,2
Zapatillas Basic v78,Indumentaria deportiva serie 688 para alto rendimiento.,91847.11,3,1
Top Elite v52,Indumentaria deportiva serie 689 para alto rendimiento.,127534.55,3,5
Remera Aeroswift v78,Indumentaria deportiva serie 690 para alto rendimiento.,18235.88,2,2
Zapatillas Basic v71,Indumentaria deportiva serie 691 para alto rendimiento.,59274.96,2,3
Top Pro v68,Indumentaria deportiva serie 692 para alto rendimiento.,146505.89,3,1
Zapatillas Tech v36,Indumentaria deportiva serie 693 para alto rendimiento.,62701.67,3,4
Zapatillas Tech v50,Indumentaria deportiva serie 694 para alto rendimiento.,115329.36,1,2
Medias Tech v52,Indumentaria deportiva serie 695 para alto rendimiento.,34292.85,3,4
Zapatillas Aeroswift v5,Indumentaria deportiva serie 696 para alto rendimiento.,70922.9,1,3
Remera Ultra v66,Indumentaria deportiva serie 697 para alto rendimiento.,46699.74,2,4
Zapatillas Ultra v50,Indumentaria deportiva serie 698 para alto rendimiento.,64912.49,3,5
Zapatillas Ultra v74,Indumentaria deportiva serie 699 para alto rendimiento.,142499.11,2,4
Calza Ultra v49,Indumentaria deportiva serie 700 para alto rendimiento.,57898.61,1,4
Short Compression v55,Indumentaria deportiva serie 701 para alto rendimiento.,81388.26,2,5
Calza Training v57,Indumentaria deportiva serie 702 para alto rendimiento.,73391.95,1,3
Campera Tech v32,Indumentaria deportiva serie 703 para alto rendimiento.,55963.4,3,5
Remera Compression v35,Indumentaria deportiva serie 704 para alto rendimiento.,131469.33,2,4
Pantalón Tech v49,Indumentaria deportiva serie 705 para alto rendimiento.,68293.3,3,2
Short Training v48,Indumentaria deportiva serie 706 para alto rendimiento.,41682.96,2,5
Zapatillas Aeroswift v63,Indumentaria deportiva serie 707 para alto rendimiento.,121199.97,3,5
Short Compression v35,Indumentaria deportiva serie 708 para alto rendimiento.,104987.6,1,1
Buzo Ultra v69,Indumentaria deportiva serie 709 para alto rendimiento.,145503.71,3,1
Pantalón Basic v88,Indumentaria deportiva serie 710 para alto rendimiento.,74466.52,2,4
Calza Pro v33,Indumentaria deportiva serie 711 para alto rendimiento.,141747.22,2,3
Zapatillas Elite v65,Indumentaria deportiva serie 712 para alto rendimiento.,108215.53,2,3
Pantalón Training v79,Indumentaria deportiva serie 713 para alto rendimiento.,27877.73,2,1
Zapatillas Dry-Fit v73,Indumentaria deportiva serie 714 para alto rendimiento.,46832.12,3,4
Calza Compression v58,Indumentaria deportiva serie 715 para alto rendimiento.,136685.45,1,2
Medias Dry-Fit v42,Indumentaria deportiva serie 716 para alto rendimiento.,57891.96,2,3
Calza Aeroswift v22,Indumentaria deportiva serie 717 para alto rendimiento.,81172.98,1,3
Buzo Elite v21,Indumentaria deportiva serie 718 para alto rendimiento.,43547.84,1,1
Zapatillas Elite v35,Indumentaria deportiva serie 719 para alto rendimiento.,87658.33,1,1
Top Compression v30,Indumentaria deportiva serie 720 para alto rendimiento.,110867.72,3,4
Short Pro v62,Indumentaria deportiva serie 721 para alto rendimiento.,140039.08,1,1
Short Dry-Fit v74,Indumentaria deportiva serie 722 para alto rendimiento.,89455.11,3,2
Campera Basic v75,Indumentaria deportiva serie 723 para alto rendimiento.,70039.1,3,1
Remera Ultra v92,Indumentaria deportiva serie 724 para alto rendimiento.,132010.6,2,1
Buzo Compression v77,Indumentaria deportiva serie 725 para alto rendimiento.,56180.3,2,5
Short Ultra v73,Indumentaria deportiva serie 726 para alto rendimiento.,56735.47,3,3
Top Ultra v18,Indumentaria deportiva serie 727 para alto rendimiento.,71217.84,3,5
Calza Training v3,Indumentaria deportiva serie 728 para alto rendimiento.,83187.12,3,4
Pantalón Ultra v29,Indumentaria deportiva serie 729 para alto rendimiento.,63509.07,1,2
Top Dry-Fit v38,Indumentaria deportiva serie 730 para alto rendimiento.,56178.13,1,1
Buzo Tech v61,Indumentaria deportiva serie 731 para alto rendimiento.,119397.96,2,3
Campera Tech v21,Indumentaria deportiva serie 732 para alto rendimiento.,100438.36,1,1
Medias Tech v82,Indumentaria deportiva serie 733 para alto rendimiento.,106540.24,2,4
Calza Elite v99,Indumentaria deportiva serie 734 para alto rendimiento.,70174.62,1,5
Calza Aeroswift v98,Indumentaria deportiva serie 735 para alto rendimiento.,117544.89,1,1
Buzo Tech v30,Indumentaria deportiva serie 736 para alto rendimiento.,105575.64,1,1
Campera Dry-Fit v86,Indumentaria deportiva serie 737 para alto rendimiento.,64877.61,1,3
Top Elite v72,Indumentaria deportiva serie 738 para alto rendimiento.,129297.8,1,3
Campera Compression v32,Indumentaria deportiva serie 739 para alto rendimiento.,42549.73,2,5
Remera Training v21,Indumentaria deportiva serie 740 para alto rendimiento.,90187.35,3,2
Buzo Pro v43,Indumentaria deportiva serie 741 para alto rendimiento.,47616.53,3,1
Calza Dry-Fit v6,Indumentaria deportiva serie 742 para alto rendimiento.,95239.25,1,4
Campera Dry-Fit v36,Indumentaria deportiva serie 743 para alto rendimiento.,121366.18,2,2
Short Elite v51,Indumentaria deportiva serie 744 para alto rendimiento.,104148.14,3,3
Medias Compression v92,Indumentaria deportiva serie 745 para alto rendimiento.,45975.36,2,3
Zapatillas Pro v32,Indumentaria deportiva serie 746 para alto rendimiento.,76378.39,1,1
Campera Dry-Fit v62,Indumentaria deportiva serie 747 para alto rendimiento.,72971.54,2,5
Remera Tech v42,Indumentaria deportiva serie 748 para alto rendimiento.,142756.25,3,5
Top Compression v92,Indumentaria deportiva serie 749 para alto rendimiento.,64088.2,1,3
Medias Elite v29,Indumentaria deportiva serie 750 para alto rendimiento.,121171.73,3,2
Campera Training v5,Indumentaria deportiva serie 751 para alto rendimiento.,143256.99,2,5
Remera Pro v79,Indumentaria deportiva serie 752 para alto rendimiento.,62003.32,2,5
Top Ultra v76,Indumentaria deportiva serie 753 para alto rendimiento.,65980.07,2,3
Top Compression v24,Indumentaria deportiva serie 754 para alto rendimiento.,58939.56,3,1
Medias Aeroswift v47,Indumentaria deportiva serie 755 para alto rendimiento.,47846.99,3,3
Top Tech v72,Indumentaria deportiva serie 756 para alto rendimiento.,25091.8,3,1
Zapatillas Tech v38,Indumentaria deportiva serie 757 para alto rendimiento.,44912.01,3,1
Pantalón Pro v77,Indumentaria deportiva serie 758 para alto rendimiento.,110539.58,1,5
Zapatillas Pro v53,Indumentaria deportiva serie 759 para alto rendimiento.,145734.06,1,1
Pantalón Training v57,Indumentaria deportiva serie 760 para alto rendimiento.,105152.5,1,3
Campera Compression v67,Indumentaria deportiva serie 761 para alto rendimiento.,42136.76,3,3
Short Elite v97,Indumentaria deportiva serie 762 para alto rendimiento.,98065.46,1,5
Calza Elite v75,Indumentaria deportiva serie 763 para alto rendimiento.,103685.37,1,5
Remera Tech v29,Indumentaria deportiva serie 764 para alto rendimiento.,101312.44,3,5
Medias Dry-Fit v37,Indumentaria deportiva serie 765 para alto rendimiento.,96105.59,3,1
Short Compression v77,Indumentaria deportiva serie 766 para alto rendimiento.,121003.32,3,3
Calza Pro v51,Indumentaria deportiva serie 767 para alto rendimiento.,16607.52,2,4
Short Training v89,Indumentaria deportiva serie 768 para alto rendimiento.,34681.23,2,3
Remera Dry-Fit v46,Indumentaria deportiva serie 769 para alto rendimiento.,78999.93,1,2
Campera Elite v35,Indumentaria deportiva serie 770 para alto rendimiento.,147414.73,2,5
Pantalón Ultra v94,Indumentaria deportiva serie 771 para alto rendimiento.,31749.78,1,5
Calza Training v20,Indumentaria deportiva serie 772 para alto rendimiento.,61160.46,3,4
Calza Elite v62,Indumentaria deportiva serie 773 para alto rendimiento.,41843.85,1,5
Buzo Aeroswift v85,Indumentaria deportiva serie 774 para alto rendimiento.,67065.63,2,2
Calza Ultra v13,Indumentaria deportiva serie 775 para alto rendimiento.,56407.26,1,1
Remera Tech v7,Indumentaria deportiva serie 776 para alto rendimiento.,145692.26,1,4
Medias Pro v76,Indumentaria deportiva serie 777 para alto rendimiento.,90530.32,3,3
Short Aeroswift v27,Indumentaria deportiva serie 778 para alto rendimiento.,98366.99,2,3
Remera Training v6,Indumentaria deportiva serie 779 para alto rendimiento.,86073.42,1,2
Remera Compression v24,Indumentaria deportiva serie 780 para alto rendimiento.,53764.33,3,4
Campera Compression v45,Indumentaria deportiva serie 781 para alto rendimiento.,45423.09,1,1
Remera Dry-Fit v53,Indumentaria deportiva serie 782 para alto rendimiento.,23362.77,2,1
Short Ultra v85,Indumentaria deportiva serie 783 para alto rendimiento.,137539.43,3,3
Campera Elite v6,Indumentaria deportiva serie 784 para alto rendimiento.,32970.19,2,3
Calza Ultra v3,Indumentaria deportiva serie 785 para alto rendimiento.,119872.02,1,1
Top Tech v93,Indumentaria deportiva serie 786 para alto rendimiento.,76785.64,1,5
Campera Training v17,Indumentaria deportiva serie 787 para alto rendimiento.,113592.61,2,5
Short Tech v72,Indumentaria deportiva serie 788 para alto rendimiento.,29884.37,1,5
Top Aeroswift v63,Indumentaria deportiva serie 789 para alto rendimiento.,55255.55,3,3
Calza Elite v61,Indumentaria deportiva serie 790 para alto rendimiento.,83848.8,1,2
Short Elite v11,Indumentaria deportiva serie 791 para alto rendimiento.,67529.87,3,3
Pantalón Training v84,Indumentaria deportiva serie 792 para alto rendimiento.,116416.38,3,2
Calza Training v8,Indumentaria deportiva serie 793 para alto rendimiento.,139205.71,1,4
Buzo Dry-Fit v43,Indumentaria deportiva serie 794 para alto rendimiento.,61601.76,1,1
Pantalón Aeroswift v55,Indumentaria deportiva serie 795 para alto rendimiento.,66537.61,1,3
Short Pro v13,Indumentaria deportiva serie 796 para alto rendimiento.,75535.18,2,4
Remera Pro v96,Indumentaria deportiva serie 797 para alto rendimiento.,94145.38,3,3
Pantalón Compression v42,Indumentaria deportiva serie 798 para alto rendimiento.,77908.54,2,1
Calza Training v67,Indumentaria deportiva serie 799 para alto rendimiento.,78457.9,3,1
Zapatillas Pro v20,Indumentaria deportiva serie 800 para alto rendimiento.,89133.09,2,2
Calza Pro v5,Indumentaria deportiva serie 801 para alto rendimiento.,82131.22,3,1
Pantalón Aeroswift v27,Indumentaria deportiva serie 802 para alto rendimiento.,29557.9,1,4
Short Compression v44,Indumentaria deportiva serie 803 para alto rendimiento.,68949.54,3,5
Top Compression v38,Indumentaria deportiva serie 804 para alto rendimiento.,121141.78,2,1
Top Compression v49,Indumentaria deportiva serie 805 para alto rendimiento.,35568.99,2,3
Top Ultra v25,Indumentaria deportiva serie 806 para alto rendimiento.,136198.29,1,5
Calza Compression v59,Indumentaria deportiva serie 807 para alto rendimiento.,101281.08,3,1
Campera Tech v2,Indumentaria deportiva serie 808 para alto rendimiento.,117977.66,3,5
Medias Compression v99,Indumentaria deportiva serie 809 para alto rendimiento.,125310.67,2,1
Buzo Basic v76,Indumentaria deportiva serie 810 para alto rendimiento.,115022.23,3,5
Buzo Elite v80,Indumentaria deportiva serie 811 para alto rendimiento.,62681.02,2,2
Remera Tech v10,Indumentaria deportiva serie 812 para alto rendimiento.,70039.78,2,3
Campera Pro v93,Indumentaria deportiva serie 813 para alto rendimiento.,134018.99,3,3
Medias Elite v73,Indumentaria deportiva serie 814 para alto rendimiento.,60252.34,3,1
Pantalón Ultra v62,Indumentaria deportiva serie 815 para alto rendimiento.,72985.9,2,4
Campera Training v25,Indumentaria deportiva serie 816 para alto rendimiento.,66381.99,3,1
Buzo Elite v38,Indumentaria deportiva serie 817 para alto rendimiento.,97193.64,1,4
Remera Elite v88,Indumentaria deportiva serie 818 para alto rendimiento.,50769.11,3,3
Campera Ultra v82,Indumentaria deportiva serie 819 para alto rendimiento.,116695.39,3,1
Pantalón Ultra v80,Indumentaria deportiva serie 820 para alto rendimiento.,137398.83,3,5
Top Elite v20,Indumentaria deportiva serie 821 para alto rendimiento.,93501.25,3,3
Zapatillas Tech v84,Indumentaria deportiva serie 822 para alto rendimiento.,21386.35,3,5
Calza Tech v91,Indumentaria deportiva serie 823 para alto rendimiento.,39779.24,3,4
Pantalón Compression v46,Indumentaria deportiva serie 824 para alto rendimiento.,122337.8,2,5
Calza Elite v49,Indumentaria deportiva serie 825 para alto rendimiento.,149824.43,3,3
Top Basic v48,Indumentaria deportiva serie 826 para alto rendimiento.,103281.73,3,3
Calza Tech v36,Indumentaria deportiva serie 827 para alto rendimiento.,96607.34,1,3
Remera Compression v94,Indumentaria deportiva serie 828 para alto rendimiento.,38540.99,2,2
Zapatillas Training v11,Indumentaria deportiva serie 829 para alto rendimiento.,83511.42,2,4
Zapatillas Ultra v38,Indumentaria deportiva serie 830 para alto rendimiento.,63309.81,3,5
Remera Basic v71,Indumentaria deportiva serie 831 para alto rendimiento.,133298.54,2,4
Top Aeroswift v57,Indumentaria deportiva serie 832 para alto rendimiento.,92127.32,3,2
Top Elite v66,Indumentaria deportiva serie 833 para alto rendimiento.,32952.57,1,2
Top Elite v90,Indumentaria deportiva serie 834 para alto rendimiento.,108102.15,1,4
Medias Ultra v9,Indumentaria deportiva serie 835 para alto rendimiento.,110770.47,3,2
Remera Compression v13,Indumentaria deportiva serie 836 para alto rendimiento.,133061.94,1,1
Short Dry-Fit v27,Indumentaria deportiva serie 837 para alto rendimiento.,141088.78,1,2
Top Training v52,Indumentaria deportiva serie 838 para alto rendimiento.,71891.55,1,1
Buzo Tech v43,Indumentaria deportiva serie 839 para alto rendimiento.,122788.66,2,2
Medias Aeroswift v21,Indumentaria deportiva serie 840 para alto rendimiento.,38091.27,2,5
Top Ultra v16,Indumentaria deportiva serie 841 para alto rendimiento.,111667.48,2,5
Remera Tech v64,Indumentaria deportiva serie 842 para alto rendimiento.,76120.37,3,5
Zapatillas Tech v97,Indumentaria deportiva serie 843 para alto rendimiento.,85356.92,1,4
Campera Basic v65,Indumentaria deportiva serie 844 para alto rendimiento.,77340.63,2,3
Pantalón Training v46,Indumentaria deportiva serie 845 para alto rendimiento.,23142.48,3,4
Top Basic v35,Indumentaria deportiva serie 846 para alto rendimiento.,65001.11,1,3
Pantalón Compression v13,Indumentaria deportiva serie 847 para alto rendimiento.,107031.84,1,3
Buzo Elite v4,Indumentaria deportiva serie 848 para alto rendimiento.,108719.52,3,1
Remera Aeroswift v57,Indumentaria deportiva serie 849 para alto rendimiento.,95868.69,2,5
Calza Ultra v37,Indumentaria deportiva serie 850 para alto rendimiento.,97570.86,2,5
Pantalón Elite v21,Indumentaria deportiva serie 851 para alto rendimiento.,15223.15,1,5
Buzo Compression v49,Indumentaria deportiva serie 852 para alto rendimiento.,116343.9,1,1
Zapatillas Pro v76,Indumentaria deportiva serie 853 para alto rendimiento.,115553.91,3,5
Top Training v27,Indumentaria deportiva serie 854 para alto rendimiento.,33087.47,1,5
Pantalón Compression v35,Indumentaria deportiva serie 855 para alto rendimiento.,60363.91,3,4
Top Ultra v57,Indumentaria deportiva serie 856 para alto rendimiento.,75371.13,1,2
Short Compression v19,Indumentaria deportiva serie 857 para alto rendimiento.,64468.36,1,4
Campera Training v54,Indumentaria deportiva serie 858 para alto rendimiento.,55558.83,2,1
Medias Aeroswift v6,Indumentaria deportiva serie 859 para alto rendimiento.,101448.46,1,4
Buzo Training v26,Indumentaria deportiva serie 860 para alto rendimiento.,117559.34,1,1
Short Basic v36,Indumentaria deportiva serie 861 para alto rendimiento.,140641.8,1,1
Medias Basic v50,Indumentaria deportiva serie 862 para alto rendimiento.,60801.01,2,5
Remera Basic v78,Indumentaria deportiva serie 863 para alto rendimiento.,87918.53,2,4
Buzo Compression v11,Indumentaria deportiva serie 864 para alto rendimiento.,28364.6,2,5
Zapatillas Pro v1,Indumentaria deportiva serie 865 para alto rendimiento.,69253.26,2,3
Medias Ultra v22,Indumentaria deportiva serie 866 para alto rendimiento.,88224.73,1,2
Pantalón Aeroswift v40,Indumentaria deportiva serie 867 para alto rendimiento.,31935.87,2,1
Short Dry-Fit v77,Indumentaria deportiva serie 868 para alto rendimiento.,114897.02,2,1
Medias Ultra v10,Indumentaria deportiva serie 869 para alto rendimiento.,17110.26,1,3
Medias Elite v96,Indumentaria deportiva serie 870 para alto rendimiento.,56410.78,3,3
Calza Basic v25,Indumentaria deportiva serie 871 para alto rendimiento.,137322.97,2,3
Top Compression v43,Indumentaria deportiva serie 872 para alto rendimiento.,91064.79,2,5
Remera Ultra v28,Indumentaria deportiva serie 873 para alto rendimiento.,144118.57,2,1
Short Tech v61,Indumentaria deportiva serie 874 para alto rendimiento.,24105.05,1,3
Zapatillas Aeroswift v18,Indumentaria deportiva serie 875 para alto rendimiento.,27426.71,3,2
Remera Elite v94,Indumentaria deportiva serie 876 para alto rendimiento.,137795.86,3,5
Zapatillas Dry-Fit v79,Indumentaria deportiva serie 877 para alto rendimiento.,49415.41,1,1
Remera Basic v20,Indumentaria deportiva serie 878 para alto rendimiento.,124605.58,2,4
Top Compression v3,Indumentaria deportiva serie 879 para alto rendimiento.,89945.65,2,2
Zapatillas Tech v16,Indumentaria deportiva serie 880 para alto rendimiento.,92255.34,1,2
Buzo Ultra v77,Indumentaria deportiva serie 881 para alto rendimiento.,120506.01,2,1
Campera Compression v93,Indumentaria deportiva serie 882 para alto rendimiento.,58177.7,2,5
Pantalón Elite v85,Indumentaria deportiva serie 883 para alto rendimiento.,45509.95,1,1
Pantalón Basic v66,Indumentaria deportiva serie 884 para alto rendimiento.,79004.59,3,1
Campera Basic v8,Indumentaria deportiva serie 885 para alto rendimiento.,53974.95,3,2
Buzo Ultra v84,Indumentaria deportiva serie 886 para alto rendimiento.,141277.01,3,4
Top Compression v20,Indumentaria deportiva serie 887 para alto rendimiento.,122445.8,2,3
Calza Aeroswift v70,Indumentaria deportiva serie 888 para alto rendimiento.,136425.73,1,3
Medias Dry-Fit v90,Indumentaria deportiva serie 889 para alto rendimiento.,146658.08,3,2
Buzo Elite v56,Indumentaria deportiva serie 890 para alto rendimiento.,79616.94,1,4
Top Aeroswift v90,Indumentaria deportiva serie 891 para alto rendimiento.,98255.36,2,5
Zapatillas Aeroswift v87,Indumentaria deportiva serie 892 para alto rendimiento.,67814.24,2,4
Medias Basic v15,Indumentaria deportiva serie 893 para alto rendimiento.,29281.75,2,4
Short Training v13,Indumentaria deportiva serie 894 para alto rendimiento.,92260.0,2,3
Medias Pro v59,Indumentaria deportiva serie 895 para alto rendimiento.,47284.62,2,4
Medias Compression v87,Indumentaria deportiva serie 896 para alto rendimiento.,98297.22,3,4
Remera Basic v60,Indumentaria deportiva serie 897 para alto rendimiento.,61818.42,3,3
Remera Compression v26,Indumentaria deportiva serie 898 para alto rendimiento.,111604.08,3,3
Calza Training v23,Indumentaria deportiva serie 899 para alto rendimiento.,45102.44,2,4
Zapatillas Ultra v85,Indumentaria deportiva serie 900 para alto rendimiento.,141590.71,3,4
Medias Aeroswift v10,Indumentaria deportiva serie 901 para alto rendimiento.,145017.31,2,2
Campera Aeroswift v26,Indumentaria deportiva serie 902 para alto rendimiento.,118852.66,2,3
Short Ultra v77,Indumentaria deportiva serie 903 para alto rendimiento.,86158.39,2,5
Pantalón Ultra v51,Indumentaria deportiva serie 904 para alto rendimiento.,35275.36,1,5
Short Tech v66,Indumentaria deportiva serie 905 para alto rendimiento.,116197.72,3,5
Medias Pro v26,Indumentaria deportiva serie 906 para alto rendimiento.,149580.1,3,1
Pantalón Aeroswift v90,Indumentaria deportiva serie 907 para alto rendimiento.,22300.15,2,3
Campera Aeroswift v2,Indumentaria deportiva serie 908 para alto rendimiento.,137559.56,3,1
Medias Tech v16,Indumentaria deportiva serie 909 para alto rendimiento.,116523.84,3,2
Calza Dry-Fit v21,Indumentaria deportiva serie 910 para alto rendimiento.,41807.19,3,2
Zapatillas Dry-Fit v45,Indumentaria deportiva serie 911 para alto rendimiento.,19534.11,1,4
Remera Dry-Fit v94,Indumentaria deportiva serie 912 para alto rendimiento.,44899.77,2,4
Pantalón Pro v31,Indumentaria deportiva serie 913 para alto rendimiento.,83681.35,3,1
Medias Pro v86,Indumentaria deportiva serie 914 para alto rendimiento.,16844.21,1,5
Remera Tech v29,Indumentaria deportiva serie 915 para alto rendimiento.,122432.48,1,4
Campera Pro v61,Indumentaria deportiva serie 916 para alto rendimiento.,89701.42,2,3
Top Pro v70,Indumentaria deportiva serie 917 para alto rendimiento.,47347.22,2,3
Zapatillas Dry-Fit v22,Indumentaria deportiva serie 918 para alto rendimiento.,46684.62,3,1
Short Elite v40,Indumentaria deportiva serie 919 para alto rendimiento.,142913.27,1,2
Short Dry-Fit v22,Indumentaria deportiva serie 920 para alto rendimiento.,83539.22,3,3
Remera Aeroswift v58,Indumentaria deportiva serie 921 para alto rendimiento.,27001.0,3,4
Pantalón Compression v32,Indumentaria deportiva serie 922 para alto rendimiento.,147183.57,3,1
Top Aeroswift v27,Indumentaria deportiva serie 923 para alto rendimiento.,55423.32,3,5
Short Training v39,Indumentaria deportiva serie 924 para alto rendimiento.,137304.03,3,1
Top Ultra v35,Indumentaria deportiva serie 925 para alto rendimiento.,80478.11,2,3
Pantalón Pro v82,Indumentaria deportiva serie 926 para alto rendimiento.,149016.09,1,4
Remera Pro v41,Indumentaria deportiva serie 927 para alto rendimiento.,24490.54,3,5
Short Tech v61,Indumentaria deportiva serie 928 para alto rendimiento.,83639.93,2,4
Zapatillas Compression v19,Indumentaria deportiva serie 929 para alto rendimiento.,80501.05,2,4
Remera Ultra v16,Indumentaria deportiva serie 930 para alto rendimiento.,21213.6,1,3
Zapatillas Tech v33,Indumentaria deportiva serie 931 para alto rendimiento.,77987.44,2,4
Top Basic v67,Indumentaria deportiva serie 932 para alto rendimiento.,130349.77,2,4
Pantalón Elite v18,Indumentaria deportiva serie 933 para alto rendimiento.,129299.67,3,5
Pantalón Compression v28,Indumentaria deportiva serie 934 para alto rendimiento.,147345.69,2,3
Buzo Ultra v4,Indumentaria deportiva serie 935 para alto rendimiento.,84225.54,2,5
Calza Aeroswift v72,Indumentaria deportiva serie 936 para alto rendimiento.,99186.1,3,1
Short Basic v68,Indumentaria deportiva serie 937 para alto rendimiento.,60000.34,1,2
Campera Ultra v8,Indumentaria deportiva serie 938 para alto rendimiento.,60511.47,3,2
Calza Dry-Fit v93,Indumentaria deportiva serie 939 para alto rendimiento.,113181.44,1,3
Medias Elite v29,Indumentaria deportiva serie 940 para alto rendimiento.,141001.9,1,2
Top Ultra v36,Indumentaria deportiva serie 941 para alto rendimiento.,18776.76,2,2
Buzo Elite v94,Indumentaria deportiva serie 942 para alto rendimiento.,56580.93,1,2
Calza Pro v73,Indumentaria deportiva serie 943 para alto rendimiento.,149681.92,3,2
Calza Tech v36,Indumentaria deportiva serie 944 para alto rendimiento.,144308.87,1,4
Zapatillas Pro v81,Indumentaria deportiva serie 945 para alto rendimiento.,19100.21,1,5
Pantalón Elite v98,Indumentaria deportiva serie 946 para alto rendimiento.,126932.48,3,3
Pantalón Dry-Fit v8,Indumentaria deportiva serie 947 para alto rendimiento.,142816.2,1,5
Zapatillas Dry-Fit v2,Indumentaria deportiva serie 948 para alto rendimiento.,74163.37,3,4
Campera Pro v67,Indumentaria deportiva serie 949 para alto rendimiento.,122691.15,1,5
Remera Training v9,Indumentaria deportiva serie 950 para alto rendimiento.,120646.04,3,2
Calza Compression v83,Indumentaria deportiva serie 951 para alto rendimiento.,32150.17,3,2
Remera Dry-Fit v17,Indumentaria deportiva serie 952 para alto rendimiento.,16117.28,3,1
Zapatillas Pro v41,Indumentaria deportiva serie 953 para alto rendimiento.,124464.95,3,5
Buzo Dry-Fit v9,Indumentaria deportiva serie 954 para alto rendimiento.,45473.26,2,2
Short Tech v17,Indumentaria deportiva serie 955 para alto rendimiento.,68029.59,1,2
Campera Training v3,Indumentaria deportiva serie 956 para alto rendimiento.,22747.43,1,1
Short Training v1,Indumentaria deportiva serie 957 para alto rendimiento.,79013.35,1,2
Zapatillas Elite v71,Indumentaria deportiva serie 958 para alto rendimiento.,54853.12,1,5
Campera Aeroswift v51,Indumentaria deportiva serie 959 para alto rendimiento.,46592.19,1,5
Buzo Ultra v74,Indumentaria deportiva serie 960 para alto rendimiento.,105969.21,3,1
Pantalón Elite v99,Indumentaria deportiva serie 961 para alto rendimiento.,125473.04,3,1
Buzo Aeroswift v22,Indumentaria deportiva serie 962 para alto rendimiento.,112528.69,1,4
Short Aeroswift v95,Indumentaria deportiva serie 963 para alto rendimiento.,43953.92,2,4
Campera Tech v69,Indumentaria deportiva serie 964 para alto rendimiento.,29793.96,2,3
Pantalón Basic v75,Indumentaria deportiva serie 965 para alto rendimiento.,68926.98,2,3
Short Training v40,Indumentaria deportiva serie 966 para alto rendimiento.,99766.75,1,1
Zapatillas Tech v16,Indumentaria deportiva serie 967 para alto rendimiento.,76447.06,1,1
Buzo Ultra v18,Indumentaria deportiva serie 968 para alto rendimiento.,62609.31,2,1
Zapatillas Ultra v71,Indumentaria deportiva serie 969 para alto rendimiento.,99409.07,1,4
Zapatillas Pro v31,Indumentaria deportiva serie 970 para alto rendimiento.,102527.06,2,3
Buzo Pro v61,Indumentaria deportiva serie 971 para alto rendimiento.,139774.62,3,1
Campera Training v91,Indumentaria deportiva serie 972 para alto rendimiento.,36354.77,3,1
Pantalón Ultra v57,Indumentaria deportiva serie 973 para alto rendimiento.,49459.75,1,5
Campera Pro v97,Indumentaria deportiva serie 974 para alto rendimiento.,57022.15,2,2
Buzo Ultra v21,Indumentaria deportiva serie 975 para alto rendimiento.,87843.45,3,1
Medias Compression v32,Indumentaria deportiva serie 976 para alto rendimiento.,29173.77,1,3
Zapatillas Compression v38,Indumentaria deportiva serie 977 para alto rendimiento.,43847.76,3,3
Campera Elite v81,Indumentaria deportiva serie 978 para alto rendimiento.,82700.7,1,2
Medias Aeroswift v81,Indumentaria deportiva serie 979 para alto rendimiento.,145975.52,1,3
Short Elite v83,Indumentaria deportiva serie 980 para alto rendimiento.,61070.86,3,5
Top Compression v43,Indumentaria deportiva serie 981 para alto rendimiento.,145224.24,3,1
Remera Dry-Fit v52,Indumentaria deportiva serie 982 para alto rendimiento.,39762.58,2,1
Pantalón Pro v34,Indumentaria deportiva serie 983 para alto rendimiento.,87808.81,2,4
Buzo Training v38,Indumentaria deportiva serie 984 para alto rendimiento.,24384.13,2,4
Top Compression v57,Indumentaria deportiva serie 985 para alto rendimiento.,25010.08,2,1
Top Pro v26,Indumentaria deportiva serie 986 para alto rendimiento.,60074.33,3,3
Zapatillas Dry-Fit v20,Indumentaria deportiva serie 987 para alto rendimiento.,108394.27,2,1
Pantalón Elite v51,Indumentaria deportiva serie 988 para alto rendimiento.,114982.85,2,3
Calza Aeroswift v47,Indumentaria deportiva serie 989 para alto rendimiento.,144919.1,2,1
Calza Aeroswift v61,Indumentaria deportiva serie 990 para alto rendimiento.,112103.49,3,1
Pantalón Training v48,Indumentaria deportiva serie 991 para alto rendimiento.,89198.82,3,5
Calza Compression v61,Indumentaria deportiva serie 992 para alto rendimiento.,109191.34,1,3
Top Pro v3,Indumentaria deportiva serie 993 para alto rendimiento.,75555.84,2,3
Calza Tech v41,Indumentaria deportiva serie 994 para alto rendimiento.,25480.08,2,2
Campera Tech v70,Indumentaria deportiva serie 995 para alto rendimiento.,132222.06,2,5
Pantalón Elite v48,Indumentaria deportiva serie 996 para alto rendimiento.,84140.05,3,3
Short Dry-Fit v16,Indumentaria deportiva serie 997 para alto rendimiento.,45344.47,2,2
Remera Aeroswift v26,Indumentaria deportiva serie 998 para alto rendimiento.,141959.8,3,1
Zapatillas Elite v80,Indumentaria deportiva serie 999 para alto rendimiento.,145908.88,2,1
